{
    "metrics": {
        "http_req_duration": {
            "avg": 127.74143991666666,
            "min": 123.343688,
            "med": 125.2219355,
            "max": 249.589369,
            "p(90)": 129.3865338,
            "p(95)": 129.82199785,
            "thresholds": {
                "p(95)<3000": false
            }
        },
        "vus_max": {
            "value": 3,
            "min": 3,
            "max": 3
        },
        "http_req_tls_handshaking": {
            "med": 0,
            "max": 80.968692,
            "p(90)": 0,
            "p(95)": 78.2281821,
            "avg": 5.2944070666666665,
            "min": 0
        },
        "data_received": {
            "count": 3358605,
            "rate": 108458.74235678102
        },
        "data_sent": {
            "rate": 864.2197766489878,
            "count": 26762
        },
        "vus": {
            "value": 1,
            "min": 1,
            "max": 3
        },
        "checks": {
            "fails": 0,
            "passes": 237,
            "thresholds": {
                "rate>0.95": false
            },
            "value": 1
        },
        "http_req_waiting": {
            "avg": 89.94852825000002,
            "min": 85.275577,
            "med": 86.92472699999999,
            "max": 249.443989,
            "p(90)": 90.85378940000001,
            "p(95)": 91.3150071
        },
        "http_req_sending": {
            "avg": 0.01511105,
            "min": 0.008105,
            "med": 0.0111705,
            "max": 0.065091,
            "p(90)": 0.0283531,
            "p(95)": 0.031957549999999994
        },
        "iteration_duration": {
            "avg": 1133.2560341186438,
            "min": 1124.685311,
            "med": 1126.941618,
            "max": 1252.245763,
            "p(90)": 1131.1488208,
            "p(95)": 1143.0090634999995
        },
        "http_req_receiving": {
            "avg": 37.777800616666674,
            "min": 0.080289,
            "med": 38.3140825,
            "max": 39.865544,
            "p(90)": 38.7386572,
            "p(95)": 38.87143175
        },
        "http_req_blocked": {
            "avg": 8.157722549999997,
            "min": 0.002374,
            "med": 0.0034165000000000003,
            "max": 136.42834,
            "p(90)": 0.006728200000000002,
            "p(95)": 116.65834255
        },
        "iterations": {
            "count": 59,
            "rate": 1.9052748980752665
        },
        "http_reqs": {
            "count": 60,
            "rate": 1.937567692957898
        },
        "http_req_failed": {
            "passes": 0,
            "fails": 60,
            "value": 0
        },
        "api_failures": {
            "count": 0,
            "rate": 0,
            "thresholds": {
                "count<5": false
            }
        },
        "http_req_connecting": {
            "med": 0,
            "max": 39.057972,
            "p(90)": 0,
            "p(95)": 38.3638798,
            "avg": 2.5749963000000005,
            "min": 0
        },
        "successful_requests": {
            "passes": 59,
            "fails": 0,
            "thresholds": {
                "rate>0.95": false
            },
            "value": 1
        },
        "http_req_duration{expected_response:true}": {
            "avg": 127.74143991666666,
            "min": 123.343688,
            "med": 125.2219355,
            "max": 249.589369,
            "p(90)": 129.3865338,
            "p(95)": 129.82199785
        }
    },
    "setup_data": {
        "sessionCookie": "__Secure-better-auth.session_token=LBiHXGueTpyHMvdccUzCNkUfP369U1FN.dkBFkHvj%2FJyCiG3hTibdq8uKLsswl%2FhIAUdSnHCkvbM%3D",
        "token": "LBiHXGueTpyHMvdccUzCNkUfP369U1FN",
        "userId": "mHe2a4J4yxEBTzW2M0lhSliJzoeRclIx"
    },
    "root_group": {
        "name": "",
        "path": "",
        "id": "d41d8cd98f00b204e9800998ecf8427e",
        "groups": {
            "setup": {
                "name": "setup",
                "path": "::setup",
                "id": "5c0f8025f7e0b6654089e5b00e950f1a",
                "groups": {},
                "checks": {
                        "✅ Login status is 200": {
                            "id": "ef5748235dba7417d2a94f2e9e0282c6",
                            "passes": 1,
                            "fails": 0,
                            "name": "✅ Login status is 200",
                            "path": "::setup::✅ Login status is 200"
                        }
                    }
            }
        },
        "checks": {
            "✅ Admin list-users status is 200": {
                "passes": 59,
                "fails": 0,
                "name": "✅ Admin list-users status is 200",
                "path": "::✅ Admin list-users status is 200",
                "id": "e2a73c1a9941630a864cde41d6df9031"
            },
            "✅ Response has users array": {
                "name": "✅ Response has users array",
                "path": "::✅ Response has users array",
                "id": "a94bc8497824a32ee1abc462a6f27a24",
                "passes": 59,
                "fails": 0
            },
            "✅ Users array is not empty": {
                "name": "✅ Users array is not empty",
                "path": "::✅ Users array is not empty",
                "id": "bb83d36a7a4c39d1c1a3fb14203b72c7",
                "passes": 59,
                "fails": 0
            },
            "✅ First user has valid data": {
                "name": "✅ First user has valid data",
                "path": "::✅ First user has valid data",
                "id": "527b08868e1b83bb00b4a24cb5b08ec4",
                "passes": 59,
                "fails": 0
            }
        }
    }
}