{
    "metrics": {
        "data_received": {
            "count": 293331,
            "rate": 9363.121218951394
        },
        "http_req_receiving": {
            "p(95)": 0.0816032,
            "avg": 0.06018954687499999,
            "min": 0.033703,
            "med": 0.053023,
            "max": 0.302493,
            "p(90)": 0.07701200000000001
        },
        "http_req_failed": {
            "passes": 0,
            "fails": 64,
            "value": 0
        },
        "checks": {
            "passes": 333,
            "fails": 0,
            "thresholds": {
                "rate>0.95": false
            },
            "value": 1
        },
        "http_req_sending": {
            "p(90)": 0.0307527,
            "p(95)": 0.03983389999999995,
            "avg": 0.018800390625000003,
            "min": 0.009878,
            "med": 0.015549,
            "max": 0.064319
        },
        "api_failures": {
            "count": 0,
            "rate": 0,
            "thresholds": {
                "count<5": false
            }
        },
        "successful_requests": {
            "passes": 63,
            "fails": 0,
            "thresholds": {
                "rate>0.95": false
            },
            "value": 1
        },
        "vus_max": {
            "value": 3,
            "min": 3,
            "max": 3
        },
        "iterations": {
            "count": 63,
            "rate": 2.0109590762447125
        },
        "role_filter_operations": {
            "count": 63,
            "rate": 2.0109590762447125,
            "thresholds": {
                "count>0": false
            }
        },
        "http_req_connecting": {
            "min": 0,
            "med": 0,
            "max": 39.782569,
            "p(90)": 0,
            "p(95)": 32.226004099999784,
            "avg": 2.42538234375
        },
        "http_req_tls_handshaking": {
            "max": 79.862875,
            "p(90)": 0,
            "p(95)": 66.73354504999955,
            "avg": 4.939196984375,
            "min": 0,
            "med": 0
        },
        "http_req_blocked": {
            "avg": 7.793615484374998,
            "min": 0.002355,
            "med": 0.0037315,
            "max": 143.969966,
            "p(90)": 0.006253700000000001,
            "p(95)": 99.41674159999934
        },
        "http_req_waiting": {
            "max": 391.931505,
            "p(90)": 74.07615790000003,
            "p(95)": 91.51051494999999,
            "avg": 63.10512589062499,
            "min": 49.528438,
            "med": 53.4742795
        },
        "http_req_duration{expected_response:true}": {
            "p(95)": 91.6344898,
            "avg": 63.184115828124995,
            "min": 49.590994,
            "med": 53.5591585,
            "max": 392.075472,
            "p(90)": 74.14835260000001
        },
        "http_reqs": {
            "count": 64,
            "rate": 2.0428790615819303
        },
        "http_req_duration": {
            "max": 392.075472,
            "p(90)": 74.14835260000001,
            "p(95)": 91.6344898,
            "avg": 63.184115828124995,
            "min": 49.590994,
            "med": 53.5591585,
            "thresholds": {
                "p(95)<3000": false
            }
        },
        "vus": {
            "value": 1,
            "min": 1,
            "max": 3
        },
        "iteration_duration": {
            "p(95)": 1112.2684007,
            "avg": 1064.556130936508,
            "min": 1050.211788,
            "med": 1054.755517,
            "max": 1209.724774,
            "p(90)": 1088.5091308
        },
        "data_sent": {
            "count": 48417,
            "rate": 1545.4699300720674
        }
    },
    "setup_data": {
        "sessionCookie": "__Secure-better-auth.session_token=zOvpaMkDcFDQo87ZMKvE9F2XY63kHWdN.XGHj2xZzIYmBMUdyuwkaFVbJLqYewy0p2cGWNTlNtRU%3D",
        "token": "zOvpaMkDcFDQo87ZMKvE9F2XY63kHWdN",
        "userId": "mHe2a4J4yxEBTzW2M0lhSliJzoeRclIx"
    },
    "root_group": {
        "checks": {
            "✅ Admin role-filter status is 200": {
                "fails": 0,
                "name": "✅ Admin role-filter status is 200",
                "path": "::✅ Admin role-filter status is 200",
                "id": "0025c2fb1d7a7bdcbe5b3d4118903002",
                "passes": 63
            },
            "✅ Response has users array": {
                "fails": 0,
                "name": "✅ Response has users array",
                "path": "::✅ Response has users array",
                "id": "a94bc8497824a32ee1abc462a6f27a24",
                "passes": 63
            },
            "✅ Search response structure is valid": {
                "name": "✅ Search response structure is valid",
                "path": "::✅ Search response structure is valid",
                "id": "e197bc1ef037b593ef164d0c9ab09bad",
                "passes": 63,
                "fails": 0
            },
            "✅ All users match selected role": {
                "name": "✅ All users match selected role",
                "path": "::✅ All users match selected role",
                "id": "3defe24c75b0b2c1856b3dfd3fa0fac2",
                "passes": 39,
                "fails": 0
            },
            "✅ User objects have required fields": {
                "name": "✅ User objects have required fields",
                "path": "::✅ User objects have required fields",
                "id": "d371a082343c27e320f6c44f425db641",
                "passes": 52,
                "fails": 0
            },
            "✅ User role is valid": {
                "name": "✅ User role is valid",
                "path": "::✅ User role is valid",
                "id": "dc17da2dd65bad1205f330e8a551fedd",
                "passes": 52,
                "fails": 0
            }
        },
        "name": "",
        "path": "",
        "id": "d41d8cd98f00b204e9800998ecf8427e",
        "groups": {
            "setup": {
                "name": "setup",
                "path": "::setup",
                "id": "5c0f8025f7e0b6654089e5b00e950f1a",
                "groups": {},
                "checks": {
                        "✅ Login status is 200": {
                            "name": "✅ Login status is 200",
                            "path": "::setup::✅ Login status is 200",
                            "id": "ef5748235dba7417d2a94f2e9e0282c6",
                            "passes": 1,
                            "fails": 0
                        }
                    }
            }
        }
    }
}