{
    "root_group": {
        "groups": {},
        "checks": {
                "✅ Token is present": {
                    "name": "✅ Token is present",
                    "path": "::✅ Token is present",
                    "id": "ea0637f73bc02a6521537559bf962535",
                    "passes": 1,
                    "fails": 0
                },
                "✅ User data is present": {
                    "path": "::✅ User data is present",
                    "id": "828c32906626828b931e9f8c243dd059",
                    "passes": 1,
                    "fails": 0,
                    "name": "✅ User data is present"
                },
                "✅ User email matches": {
                    "name": "✅ User email matches",
                    "path": "::✅ User email matches",
                    "id": "235ae969e946fa097b0106042dacf9af",
                    "passes": 1,
                    "fails": 0
                }
            },
        "name": "",
        "path": "",
        "id": "d41d8cd98f00b204e9800998ecf8427e"
    },
    "metrics": {
        "http_req_tls_handshaking": {
            "avg": 83.773353,
            "min": 83.773353,
            "med": 83.773353,
            "max": 83.773353,
            "p(90)": 83.773353,
            "p(95)": 83.773353
        },
        "iterations": {
            "rate": 0.6648592936602413,
            "count": 1
        },
        "http_reqs": {
            "count": 1,
            "rate": 0.6648592936602413
        },
        "vus": {
            "value": 1,
            "min": 1,
            "max": 1
        },
        "iteration_duration": {
            "avg": 1000.946419,
            "min": 1000.946419,
            "med": 1000.946419,
            "max": 1000.946419,
            "p(90)": 1000.946419,
            "p(95)": 1000.946419
        },
        "successful_logins": {
            "passes": 0,
            "fails": 0,
            "thresholds": {
                "rate>0.99": false
            },
            "value": 0
        },
        "http_req_duration{expected_response:true}": {
            "max": 283.738351,
            "p(90)": 283.738351,
            "p(95)": 283.738351,
            "avg": 283.738351,
            "min": 283.738351,
            "med": 283.738351
        },
        "data_received": {
            "count": 3107,
            "rate": 2065.7178254023697
        },
        "http_req_sending": {
            "avg": 0.090599,
            "min": 0.090599,
            "med": 0.090599,
            "max": 0.090599,
            "p(90)": 0.090599,
            "p(95)": 0.090599
        },
        "data_sent": {
            "count": 1895,
            "rate": 1259.9083614861574
        },
        "http_req_waiting": {
            "med": 283.575448,
            "max": 283.575448,
            "p(90)": 283.575448,
            "p(95)": 283.575448,
            "avg": 283.575448,
            "min": 283.575448
        },
        "http_req_duration": {
            "min": 283.738351,
            "med": 283.738351,
            "max": 283.738351,
            "p(90)": 283.738351,
            "p(95)": 283.738351,
            "avg": 283.738351,
            "thresholds": {
                "p(95)<3000": false
            }
        },
        "vus_max": {
            "min": 1,
            "max": 1,
            "value": 1
        },
        "checks": {
            "passes": 3,
            "fails": 0,
            "thresholds": {
                "rate>0.99": false
            },
            "value": 1
        },
        "http_req_blocked": {
            "max": 217.540296,
            "p(90)": 217.540296,
            "p(95)": 217.540296,
            "avg": 217.540296,
            "min": 217.540296,
            "med": 217.540296
        },
        "http_req_receiving": {
            "max": 0.072304,
            "p(90)": 0.072304,
            "p(95)": 0.072304,
            "avg": 0.072304,
            "min": 0.072304,
            "med": 0.072304
        },
        "login_failures": {
            "count": 0,
            "rate": 0,
            "thresholds": {
                "count<1": false
            }
        },
        "http_req_connecting": {
            "min": 40.272509,
            "med": 40.272509,
            "max": 40.272509,
            "p(90)": 40.272509,
            "p(95)": 40.272509,
            "avg": 40.272509
        },
        "http_req_failed": {
            "passes": 0,
            "fails": 1,
            "value": 0
        }
    },
    "setup_data": {
        "token": "KwbjBk5vn6Dyue182LYWml3dyvo0eqJ5",
        "user": {
            "createdAt": "2025-07-14T17:29:47.569Z",
            "email": "deepeshm@pennhealthinfo.com",
            "emailVerified": true,
            "id": "mHe2a4J4yxEBTzW2M0lhSliJzoeRclIx",
            "image": null,
            "name": "Deepesh M S",
            "updatedAt": "2025-07-14T17:29:47.569Z"
        }
    }
}