{
    "root_group": {
        "groups": {
            "setup": {
                "path": "::setup",
                "id": "5c0f8025f7e0b6654089e5b00e950f1a",
                "groups": {},
                "checks": {
                        "✅ Login status is 200": {
                            "id": "ef5748235dba7417d2a94f2e9e0282c6",
                            "passes": 1,
                            "fails": 0,
                            "name": "✅ Login status is 200",
                            "path": "::setup::✅ Login status is 200"
                        }
                    },
                "name": "setup"
            }
        },
        "checks": {
            "✅ Admin edit-user status is 200": {
                "fails": 0,
                "name": "✅ Admin edit-user status is 200",
                "path": "::✅ Admin edit-user status is 200",
                "id": "1b373af2cb092bed56aa1771a5f41a25",
                "passes": 54
            },
            "✅ Response received": {
                "name": "✅ Response received",
                "path": "::✅ Response received",
                "id": "b807dfc05e33039721048b7326be5332",
                "passes": 54,
                "fails": 0
            }
        },
        "name": "",
        "path": "",
        "id": "d41d8cd98f00b204e9800998ecf8427e"
    },
    "metrics": {
        "user_updates": {
            "count": 54,
            "rate": 1.7092958583202824,
            "thresholds": {
                "count>0": false
            }
        },
        "http_req_blocked": {
            "p(95)": 0.009229399999999992,
            "avg": 5.290351155963305,
            "min": 0.002534,
            "med": 0.003517,
            "max": 200.917715,
            "p(90)": 0.006484
        },
        "http_req_failed": {
            "fails": 109,
            "passes": 0,
            "value": 0
        },
        "http_req_receiving": {
            "avg": 20.3891735321101,
            "min": 0.033783,
            "med": 0.119022,
            "max": 43.389266,
            "p(90)": 41.160787199999994,
            "p(95)": 41.477478999999995
        },
        "http_reqs": {
            "count": 109,
            "rate": 3.450245343646496
        },
        "checks": {
            "passes": 109,
            "fails": 0,
            "thresholds": {
                "rate>0.95": false
            },
            "value": 1
        },
        "data_received": {
            "count": 3738789,
            "rate": 118346.23245987835
        },
        "http_req_duration": {
            "p(90)": 134.40840740000002,
            "p(95)": 137.3467708,
            "avg": 119.86719444954134,
            "min": 97.95068,
            "med": 131.418365,
            "max": 257.866034,
            "thresholds": {
                "p(95)<3000": false
            }
        },
        "http_req_sending": {
            "min": 0.008786,
            "med": 0.055332,
            "max": 0.269942,
            "p(90)": 0.099083,
            "p(95)": 0.11960699999999995,
            "avg": 0.05659815596330277
        },
        "http_req_tls_handshaking": {
            "p(90)": 0,
            "p(95)": 0,
            "avg": 3.0090876880733948,
            "min": 0,
            "med": 0,
            "max": 83.880717
        },
        "data_sent": {
            "count": 837451,
            "rate": 26508.361589744054
        },
        "http_req_duration{expected_response:true}": {
            "min": 97.95068,
            "med": 131.418365,
            "max": 257.866034,
            "p(90)": 134.40840740000002,
            "p(95)": 137.3467708,
            "avg": 119.86719444954134
        },
        "iterations": {
            "count": 54,
            "rate": 1.7092958583202824
        },
        "http_req_waiting": {
            "p(90)": 105.85846260000001,
            "p(95)": 110.7202168,
            "avg": 99.42142276146787,
            "min": 90.252159,
            "med": 97.995116,
            "max": 257.678443
        },
        "vus_max": {
            "min": 3,
            "max": 3,
            "value": 3
        },
        "iteration_duration": {
            "avg": 1246.2164580925926,
            "min": 1232.147938,
            "med": 1237.234808,
            "max": 1369.70032,
            "p(90)": 1254.7253852000001,
            "p(95)": 1303.9216558499995
        },
        "successful_requests": {
            "passes": 54,
            "fails": 0,
            "thresholds": {
                "rate>0.95": false
            },
            "value": 1
        },
        "http_req_connecting": {
            "med": 0,
            "max": 41.309385,
            "p(90)": 0,
            "p(95)": 0,
            "avg": 1.4739861559633027,
            "min": 0
        },
        "vus": {
            "value": 1,
            "min": 1,
            "max": 3
        },
        "api_failures": {
            "count": 0,
            "rate": 0,
            "thresholds": {
                "count<5": false
            }
        }
    },
    "setup_data": {
        "sessionCookie": "__Secure-better-auth.session_token=uhp5R0w0SXkwXHfdppu0qYo7khGeCZGN.FILMSrTxMcvwOR3H96HmQ0e1BOkmKa03O4WVhbvd9XM%3D",
        "token": "uhp5R0w0SXkwXHfdppu0qYo7khGeCZGN",
        "userId": "mHe2a4J4yxEBTzW2M0lhSliJzoeRclIx"
    }
}