{
    "metrics": {
        "vus_max": {
            "value": 3,
            "min": 3,
            "max": 3
        },
        "http_req_duration{expected_response:true}": {
            "p(95)": 111.19210934999997,
            "avg": 108.55759390000001,
            "min": 90.595688,
            "med": 99.45502350000001,
            "max": 535.050308,
            "p(90)": 104.0166867
        },
        "api_failures": {
            "count": 0,
            "rate": 0,
            "thresholds": {
                "count<5": false
            }
        },
        "vus": {
            "value": 1,
            "min": 1,
            "max": 3
        },
        "http_req_tls_handshaking": {
            "p(95)": 75.28637004999997,
            "avg": 5.57250185,
            "min": 0,
            "med": 0,
            "max": 91.569479,
            "p(90)": 0
        },
        "http_req_receiving": {
            "avg": 0.3319452499999999,
            "min": 0.062055,
            "med": 0.1828905,
            "max": 3.486328,
            "p(90)": 0.6465884000000001,
            "p(95)": 0.7422590499999994
        },
        "data_received": {
            "count": 2057139,
            "rate": 67217.07738508288
        },
        "http_req_duration": {
            "avg": 108.55759390000001,
            "min": 90.595688,
            "med": 99.45502350000001,
            "max": 535.050308,
            "p(90)": 104.0166867,
            "p(95)": 111.19210934999997,
            "thresholds": {
                "p(95)<3000": false
            }
        },
        "http_req_waiting": {
            "avg": 108.19866528333336,
            "min": 90.330759,
            "med": 99.2765655,
            "max": 534.781337,
            "p(90)": 103.64369640000001,
            "p(95)": 110.55582684999997
        },
        "data_sent": {
            "count": 52592,
            "rate": 1718.4451482550664
        },
        "iterations": {
            "count": 59,
            "rate": 1.9278267369000783
        },
        "successful_requests": {
            "passes": 59,
            "fails": 0,
            "thresholds": {
                "rate>0.95": false
            },
            "value": 1
        },
        "rsc_response_time": {
            "count": 6584,
            "rate": 215.13239382627316
        },
        "http_req_connecting": {
            "avg": 2.6872977833333334,
            "min": 0,
            "med": 0,
            "max": 41.503577,
            "p(90)": 0,
            "p(95)": 37.17797234999999
        },
        "http_req_sending": {
            "p(90)": 0.03719680000000001,
            "p(95)": 0.0450801,
            "avg": 0.02698336666666667,
            "min": 0.01084,
            "med": 0.0243845,
            "max": 0.121355
        },
        "checks": {
            "passes": 532,
            "fails": 0,
            "thresholds": {
                "rate>0.95": false
            },
            "value": 1
        },
        "http_req_blocked": {
            "p(90)": 0.011699200000000002,
            "p(95)": 112.56706564999996,
            "avg": 9.73162728333334,
            "min": 0.002696,
            "med": 0.0044535,
            "max": 220.723203
        },
        "http_reqs": {
            "count": 60,
            "rate": 1.9605017663390627
        },
        "http_req_failed": {
            "passes": 0,
            "fails": 60,
            "value": 0
        },
        "iteration_duration": {
            "avg": 1112.6607061525422,
            "min": 1091.366811,
            "med": 1100.311236,
            "max": 1648.42929,
            "p(90)": 1106.3670691999998,
            "p(95)": 1130.7507011999994
        }
    },
    "setup_data": {
        "userEmail": "testprovider@gmail.com",
        "userId": "yEkCmDnrgxxxwwqAtqQe9pIXWoF8QgT8",
        "userRole": null,
        "sessionCookie": "__Secure-better-auth.session_token=MLZjRMWcXuJfuQUDZcYo25F9N9FgJe2m.%2Fo1Md5WQBLHDGf4y60B87Awltjpu80Uf2dtAdtq9SpU%3D",
        "token": "MLZjRMWcXuJfuQUDZcYo25F9N9FgJe2m"
    },
    "root_group": {
        "name": "",
        "path": "",
        "id": "d41d8cd98f00b204e9800998ecf8427e",
        "groups": {
            "setup": {
                "name": "setup",
                "path": "::setup",
                "id": "5c0f8025f7e0b6654089e5b00e950f1a",
                "groups": {},
                "checks": {
                        "✅ Provider Login status is 200": {
                            "fails": 0,
                            "name": "✅ Provider Login status is 200",
                            "path": "::setup::✅ Provider Login status is 200",
                            "id": "f25c9fe94ac5469c04c6fa8b42466767",
                            "passes": 1
                        }
                    }
            }
        },
        "checks": {
            "✅ RSC status is 200": {
                "name": "✅ RSC status is 200",
                "path": "::✅ RSC status is 200",
                "id": "4147ccc7d80507f5947e997ae47438a5",
                "passes": 59,
                "fails": 0
            },
            "✅ Response contains RSC format": {
                "path": "::✅ Response contains RSC format",
                "id": "230a898fa9dfa0dbed1233df591ab3bd",
                "passes": 59,
                "fails": 0,
                "name": "✅ Response contains RSC format"
            },
            "✅ Response has React components": {
                "id": "ac1980a92073698993cf28afa6cd5a4d",
                "passes": 59,
                "fails": 0,
                "name": "✅ Response has React components",
                "path": "::✅ Response has React components"
            },
            "✅ Response includes task data": {
                "path": "::✅ Response includes task data",
                "id": "cfb7f1abc645032f78620942be4508ad",
                "passes": 59,
                "fails": 0,
                "name": "✅ Response includes task data"
            },
            "✅ Response time under 3s": {
                "name": "✅ Response time under 3s",
                "path": "::✅ Response time under 3s",
                "id": "19037091d6024770979a95a8e1d7234c",
                "passes": 59,
                "fails": 0
            },
            "✅ Contains loading skeleton": {
                "name": "✅ Contains loading skeleton",
                "path": "::✅ Contains loading skeleton",
                "id": "32a24c641c24883a917a6b14bf6637a8",
                "passes": 59,
                "fails": 0
            },
            "✅ Contains actual task data": {
                "name": "✅ Contains actual task data",
                "path": "::✅ Contains actual task data",
                "id": "d3bedd6f901ccb18dc97ccb63efeaafd",
                "passes": 59,
                "fails": 0
            },
            "✅ Contains provider data": {
                "fails": 0,
                "name": "✅ Contains provider data",
                "path": "::✅ Contains provider data",
                "id": "a0f7a10f6f324a2087f9d8769b2d1250",
                "passes": 59
            },
            "✅ Proper RSC content type": {
                "path": "::✅ Proper RSC content type",
                "id": "9bcaab0858bd88d1284a44cd4826b85e",
                "passes": 59,
                "fails": 0,
                "name": "✅ Proper RSC content type"
            }
        }
    }
}