{
    "metrics": {
        "http_req_receiving": {
            "avg": 0.09032598437500004,
            "min": 0.031789,
            "med": 0.055233000000000004,
            "max": 1.187937,
            "p(90)": 0.09697180000000001,
            "p(95)": 0.14837939999999988
        },
        "http_req_duration": {
            "max": 287.536381,
            "p(90)": 95.85367620000001,
            "p(95)": 97.19795925,
            "avg": 66.55902509375,
            "min": 51.67096,
            "med": 56.1873785,
            "thresholds": {
                "p(95)<3000": false
            }
        },
        "successful_requests": {
            "passes": 63,
            "fails": 0,
            "thresholds": {
                "rate>0.95": false
            },
            "value": 1
        },
        "checks": {
            "passes": 338,
            "fails": 0,
            "thresholds": {
                "rate>0.95": false
            },
            "value": 1
        },
        "http_req_waiting": {
            "avg": 66.444618,
            "min": 51.618843,
            "med": 55.9544765,
            "max": 287.371434,
            "p(90)": 95.6936905,
            "p(95)": 96.7767118
        },
        "http_req_duration{expected_response:true}": {
            "avg": 66.55902509375,
            "min": 51.67096,
            "med": 56.1873785,
            "max": 287.536381,
            "p(90)": 95.85367620000001,
            "p(95)": 97.19795925
        },
        "http_req_sending": {
            "p(95)": 0.050711149999999955,
            "avg": 0.024081109375,
            "min": 0.011061,
            "med": 0.019741500000000002,
            "max": 0.122688,
            "p(90)": 0.0315107
        },
        "http_reqs": {
            "rate": 2.03928036812924,
            "count": 64
        },
        "http_req_connecting": {
            "avg": 2.515336078125,
            "min": 0,
            "med": 0,
            "max": 41.69303,
            "p(90)": 0,
            "p(95)": 31.32750989999979
        },
        "iteration_duration": {
            "p(95)": 1103.2303216,
            "avg": 1069.9739389682543,
            "min": 1052.163634,
            "med": 1057.360773,
            "max": 1226.180283,
            "p(90)": 1097.5773402
        },
        "http_req_blocked": {
            "avg": 8.999206500000003,
            "min": 0.002655,
            "med": 0.0039825,
            "max": 199.432554,
            "p(90)": 0.01873800000000003,
            "p(95)": 106.2506638999993
        },
        "http_req_tls_handshaking": {
            "p(90)": 0,
            "p(95)": 65.27354594999956,
            "avg": 5.134666265625,
            "min": 0,
            "med": 0,
            "max": 84.186299
        },
        "data_received": {
            "count": 343458,
            "rate": 10943.861823077072
        },
        "vus_max": {
            "min": 3,
            "max": 3,
            "value": 3
        },
        "iterations": {
            "count": 63,
            "rate": 2.0074166123772206
        },
        "api_failures": {
            "count": 0,
            "rate": 0,
            "thresholds": {
                "count<5": false
            }
        },
        "role_filter_operations": {
            "count": 63,
            "rate": 2.0074166123772206,
            "thresholds": {
                "count>0": false
            }
        },
        "vus": {
            "value": 1,
            "min": 1,
            "max": 3
        },
        "data_sent": {
            "count": 48581,
            "rate": 1547.9731181888533
        },
        "http_req_failed": {
            "passes": 0,
            "fails": 64,
            "value": 0
        }
    },
    "setup_data": {
        "sessionCookie": "__Secure-better-auth.session_token=xHb3f8PWW8taxta8qq7kJdsjbkHPbF0m.wzhetkJQdtY8ySYzBT5icgF93OpQLl%2Bnsm9Hlw5cQZ0%3D",
        "token": "xHb3f8PWW8taxta8qq7kJdsjbkHPbF0m",
        "userId": "mHe2a4J4yxEBTzW2M0lhSliJzoeRclIx"
    },
    "root_group": {
        "name": "",
        "path": "",
        "id": "d41d8cd98f00b204e9800998ecf8427e",
        "groups": {
            "setup": {
                "name": "setup",
                "path": "::setup",
                "id": "5c0f8025f7e0b6654089e5b00e950f1a",
                "groups": {},
                "checks": {
                        "✅ Login status is 200": {
                            "name": "✅ Login status is 200",
                            "path": "::setup::✅ Login status is 200",
                            "id": "ef5748235dba7417d2a94f2e9e0282c6",
                            "passes": 1,
                            "fails": 0
                        }
                    }
            }
        },
        "checks": {
            "✅ Admin role-filter status is 200": {
                "name": "✅ Admin role-filter status is 200",
                "path": "::✅ Admin role-filter status is 200",
                "id": "0025c2fb1d7a7bdcbe5b3d4118903002",
                "passes": 63,
                "fails": 0
            },
            "✅ Response has users array": {
                "name": "✅ Response has users array",
                "path": "::✅ Response has users array",
                "id": "a94bc8497824a32ee1abc462a6f27a24",
                "passes": 63,
                "fails": 0
            },
            "✅ Search response structure is valid": {
                "name": "✅ Search response structure is valid",
                "path": "::✅ Search response structure is valid",
                "id": "e197bc1ef037b593ef164d0c9ab09bad",
                "passes": 63,
                "fails": 0
            },
            "✅ All users match selected role": {
                "name": "✅ All users match selected role",
                "path": "::✅ All users match selected role",
                "id": "3defe24c75b0b2c1856b3dfd3fa0fac2",
                "passes": 42,
                "fails": 0
            },
            "✅ User objects have required fields": {
                "name": "✅ User objects have required fields",
                "path": "::✅ User objects have required fields",
                "id": "d371a082343c27e320f6c44f425db641",
                "passes": 53,
                "fails": 0
            },
            "✅ User role is valid": {
                "name": "✅ User role is valid",
                "path": "::✅ User role is valid",
                "id": "dc17da2dd65bad1205f330e8a551fedd",
                "passes": 53,
                "fails": 0
            }
        }
    }
}