{
    "metrics": {
        "http_req_waiting": {
            "avg": 57.77600478124999,
            "min": 41.343472,
            "med": 53.217682,
            "max": 257.902148,
            "p(90)": 65.7138163,
            "p(95)": 96.10395684999999
        },
        "iterations": {
            "rate": 2.0406415089305066,
            "count": 63
        },
        "vus_max": {
            "value": 3,
            "min": 3,
            "max": 3
        },
        "http_req_receiving": {
            "avg": 0.06763215624999999,
            "min": 0.033532,
            "med": 0.05969,
            "max": 0.361735,
            "p(90)": 0.0846645,
            "p(95)": 0.11613629999999986
        },
        "successful_requests": {
            "passes": 63,
            "fails": 0,
            "thresholds": {
                "rate>0.95": false
            },
            "value": 1
        },
        "http_req_blocked": {
            "p(90)": 0.007337,
            "p(95)": 80.24178269999946,
            "avg": 7.1944179062500035,
            "min": 0.002725,
            "med": 0.004358000000000001,
            "max": 126.784961
        },
        "http_req_failed": {
            "passes": 0,
            "fails": 64,
            "value": 0
        },
        "iteration_duration": {
            "p(95)": 1099.7682982,
            "avg": 1061.0866067142856,
            "min": 1042.162254,
            "med": 1055.280547,
            "max": 1185.892836,
            "p(90)": 1090.8901842
        },
        "http_req_duration": {
            "min": 41.409054,
            "med": 53.32673,
            "max": 258.122142,
            "p(90)": 65.7785758,
            "p(95)": 96.26356169999998,
            "avg": 57.86879792187501,
            "thresholds": {
                "p(95)<3000": false
            }
        },
        "http_reqs": {
            "count": 64,
            "rate": 2.0730326439928954
        },
        "api_failures": {
            "count": 0,
            "rate": 0,
            "thresholds": {
                "count<5": false
            }
        },
        "http_req_tls_handshaking": {
            "min": 0,
            "med": 0,
            "max": 84.132293,
            "p(90)": 0,
            "p(95)": 54.04069649999963,
            "avg": 4.738072609375
        },
        "data_sent": {
            "rate": 1608.6733317384867,
            "count": 49664
        },
        "search_operations": {
            "count": 63,
            "rate": 2.0406415089305066,
            "thresholds": {
                "count>0": false
            }
        },
        "http_req_duration{expected_response:true}": {
            "avg": 57.86879792187501,
            "min": 41.409054,
            "med": 53.32673,
            "max": 258.122142,
            "p(90)": 65.7785758,
            "p(95)": 96.26356169999998
        },
        "checks": {
            "passes": 344,
            "fails": 0,
            "thresholds": {
                "rate>0.95": false
            },
            "value": 1
        },
        "data_received": {
            "count": 228327,
            "rate": 7395.770695390091
        },
        "http_req_connecting": {
            "max": 42.59946,
            "p(90)": 0,
            "p(95)": 26.138737599999825,
            "avg": 2.3183431093749998,
            "min": 0,
            "med": 0
        },
        "http_req_sending": {
            "avg": 0.025160984375000004,
            "min": 0.01078,
            "med": 0.0219405,
            "max": 0.099991,
            "p(90)": 0.03596850000000001,
            "p(95)": 0.0476903
        },
        "vus": {
            "value": 1,
            "min": 1,
            "max": 3
        }
    },
    "setup_data": {
        "sessionCookie": "__Secure-better-auth.session_token=QxQ6sda53aMdd3RoTtIhID4maj07kw3f.NRydTG3y4OfvfFXwazd8MiJdSk8gYA9RA40RvWVhSsE%3D",
        "token": "QxQ6sda53aMdd3RoTtIhID4maj07kw3f",
        "userId": "mHe2a4J4yxEBTzW2M0lhSliJzoeRclIx"
    },
    "root_group": {
        "id": "d41d8cd98f00b204e9800998ecf8427e",
        "groups": {
            "setup": {
                "name": "setup",
                "path": "::setup",
                "id": "5c0f8025f7e0b6654089e5b00e950f1a",
                "groups": {},
                "checks": {
                        "✅ Login status is 200": {
                            "path": "::setup::✅ Login status is 200",
                            "id": "ef5748235dba7417d2a94f2e9e0282c6",
                            "passes": 1,
                            "fails": 0,
                            "name": "✅ Login status is 200"
                        }
                    }
            }
        },
        "checks": {
            "✅ Admin role-filter-search status is 200": {
                "passes": 63,
                "fails": 0,
                "name": "✅ Admin role-filter-search status is 200",
                "path": "::✅ Admin role-filter-search status is 200",
                "id": "636e8f4303249f1dd6234270a69d4c5e"
            },
            "✅ Response has users array": {
                "path": "::✅ Response has users array",
                "id": "a94bc8497824a32ee1abc462a6f27a24",
                "passes": 63,
                "fails": 0,
                "name": "✅ Response has users array"
            },
            "✅ Search response structure is valid": {
                "id": "e197bc1ef037b593ef164d0c9ab09bad",
                "passes": 63,
                "fails": 0,
                "name": "✅ Search response structure is valid",
                "path": "::✅ Search response structure is valid"
            },
            "✅ All users match selected role": {
                "name": "✅ All users match selected role",
                "path": "::✅ All users match selected role",
                "id": "3defe24c75b0b2c1856b3dfd3fa0fac2",
                "passes": 34,
                "fails": 0
            },
            "✅ Users match email search criteria": {
                "fails": 0,
                "name": "✅ Users match email search criteria",
                "path": "::✅ Users match email search criteria",
                "id": "56e71ef0855b4bece7b1d8a8568e87cf",
                "passes": 36
            },
            "✅ User objects have required fields": {
                "fails": 0,
                "name": "✅ User objects have required fields",
                "path": "::✅ User objects have required fields",
                "id": "d371a082343c27e320f6c44f425db641",
                "passes": 42
            },
            "✅ User role is valid": {
                "name": "✅ User role is valid",
                "path": "::✅ User role is valid",
                "id": "dc17da2dd65bad1205f330e8a551fedd",
                "passes": 42,
                "fails": 0
            }
        },
        "name": "",
        "path": ""
    }
}