{
    "metrics": {
        "data_sent": {
            "count": 49119,
            "rate": 1576.8701585528904
        },
        "vus": {
            "value": 1,
            "min": 1,
            "max": 3
        },
        "vus_max": {
            "value": 3,
            "min": 3,
            "max": 3
        },
        "http_req_waiting": {
            "avg": 61.855747671875,
            "min": 45.800041,
            "med": 54.1517,
            "max": 237.537488,
            "p(90)": 85.63147450000001,
            "p(95)": 94.83181339999999
        },
        "search_operations": {
            "count": 63,
            "rate": 2.0224927215300004,
            "thresholds": {
                "count>0": false
            }
        },
        "iteration_duration": {
            "p(95)": 1098.9157876,
            "avg": 1065.8560757936507,
            "min": 1046.771843,
            "med": 1055.539361,
            "max": 1179.919261,
            "p(90)": 1093.1079086
        },
        "api_failures": {
            "count": 0,
            "rate": 0,
            "thresholds": {
                "count<5": false
            }
        },
        "http_req_duration{expected_response:true}": {
            "min": 45.918973,
            "med": 54.2625465,
            "max": 237.764632,
            "p(90)": 85.7638519,
            "p(95)": 95.00303514999999,
            "avg": 61.987704968749966
        },
        "http_req_receiving": {
            "avg": 0.09461137499999998,
            "min": 0.063037,
            "med": 0.090509,
            "max": 0.150336,
            "p(90)": 0.12129090000000002,
            "p(95)": 0.13525409999999996
        },
        "http_req_connecting": {
            "med": 0,
            "max": 40.863938,
            "p(90)": 0,
            "p(95)": 29.483001399999804,
            "avg": 2.348881078125,
            "min": 0
        },
        "http_req_failed": {
            "fails": 64,
            "passes": 0,
            "value": 0
        },
        "successful_requests": {
            "passes": 63,
            "fails": 0,
            "thresholds": {
                "rate>0.95": false
            },
            "value": 1
        },
        "http_req_blocked": {
            "p(90)": 0.0081217,
            "p(95)": 93.56894914999937,
            "avg": 7.3123321875,
            "min": 0.004709,
            "med": 0.0057610000000000005,
            "max": 123.370689
        },
        "http_req_sending": {
            "avg": 0.03734592187500001,
            "min": 0.023424,
            "med": 0.031504,
            "max": 0.294429,
            "p(90)": 0.04085250000000001,
            "p(95)": 0.062060749999999984
        },
        "http_req_tls_handshaking": {
            "p(95)": 62.28969489999958,
            "avg": 4.917761593750001,
            "min": 0,
            "med": 0,
            "max": 82.423987,
            "p(90)": 0
        },
        "http_req_duration": {
            "avg": 61.987704968749966,
            "min": 45.918973,
            "med": 54.2625465,
            "max": 237.764632,
            "p(90)": 85.7638519,
            "p(95)": 95.00303514999999,
            "thresholds": {
                "p(95)<3000": false
            }
        },
        "data_received": {
            "count": 350963,
            "rate": 11266.985921052914
        },
        "iterations": {
            "count": 63,
            "rate": 2.0224927215300004
        },
        "checks": {
            "passes": 227,
            "fails": 0,
            "thresholds": {
                "rate>0.95": false
            },
            "value": 1
        },
        "http_reqs": {
            "count": 64,
            "rate": 2.0545957806019053
        }
    },
    "setup_data": {
        "sessionCookie": "__Secure-better-auth.session_token=youThgjtY1YHzBpaH0CgYYurzq0hhcb4.hYQzwAnCJ%2FkVYSnLDfbxhjjaiXK%2BsxcYb%2BlE%2BQY53HA%3D",
        "token": "youThgjtY1YHzBpaH0CgYYurzq0hhcb4",
        "userId": "mHe2a4J4yxEBTzW2M0lhSliJzoeRclIx"
    },
    "root_group": {
        "name": "",
        "path": "",
        "id": "d41d8cd98f00b204e9800998ecf8427e",
        "groups": {
            "setup": {
                "path": "::setup",
                "id": "5c0f8025f7e0b6654089e5b00e950f1a",
                "groups": {},
                "checks": {
                        "✅ Login status is 200": {
                            "id": "ef5748235dba7417d2a94f2e9e0282c6",
                            "passes": 1,
                            "fails": 0,
                            "name": "✅ Login status is 200",
                            "path": "::setup::✅ Login status is 200"
                        }
                    },
                "name": "setup"
            }
        },
        "checks": {
            "✅ Admin search-users status is 200": {
                "name": "✅ Admin search-users status is 200",
                "path": "::✅ Admin search-users status is 200",
                "id": "5cad04a758b9628592a252489c58a90a",
                "passes": 63,
                "fails": 0
            },
            "✅ Response has users array": {
                "passes": 63,
                "fails": 0,
                "name": "✅ Response has users array",
                "path": "::✅ Response has users array",
                "id": "a94bc8497824a32ee1abc462a6f27a24"
            },
            "✅ Search response structure is valid": {
                "id": "e197bc1ef037b593ef164d0c9ab09bad",
                "passes": 63,
                "fails": 0,
                "name": "✅ Search response structure is valid",
                "path": "::✅ Search response structure is valid"
            },
            "✅ Users match search criteria": {
                "fails": 0,
                "name": "✅ Users match search criteria",
                "path": "::✅ Users match search criteria",
                "id": "4b454d58c2203e39e4e806a489d160d8",
                "passes": 37
            }
        }
    }
}