{
    "metrics": {
        "data_received": {
            "count": 2095104,
            "rate": 68001.73682121868
        },
        "iterations": {
            "count": 60,
            "rate": 1.947447100131125
        },
        "iteration_duration": {
            "avg": 1095.722803633333,
            "min": 1073.329533,
            "med": 1088.1093705,
            "max": 1354.538544,
            "p(90)": 1102.4258514,
            "p(95)": 1125.8336025999997
        },
        "successful_requests": {
            "passes": 60,
            "fails": 0,
            "thresholds": {
                "rate>0.95": false
            },
            "value": 1
        },
        "vus": {
            "value": 1,
            "min": 1,
            "max": 3
        },
        "http_reqs": {
            "count": 61,
            "rate": 1.9799045517999772
        },
        "http_req_duration{expected_response:true}": {
            "avg": 91.68655250819668,
            "min": 72.229135,
            "med": 87.117088,
            "max": 267.329968,
            "p(90)": 100.912037,
            "p(95)": 104.019111
        },
        "http_req_sending": {
            "p(95)": 0.060333,
            "avg": 0.036298721311475414,
            "min": 0.023373,
            "med": 0.027852,
            "max": 0.281806,
            "p(90)": 0.046075
        },
        "rsc_response_time": {
            "rate": 184.13112331739788,
            "count": 5673
        },
        "http_req_blocked": {
            "avg": 6.8950783278688546,
            "min": 0.004739,
            "med": 0.00547,
            "max": 120.987591,
            "p(90)": 0.007885,
            "p(95)": 84.449042
        },
        "api_failures": {
            "count": 0,
            "rate": 0,
            "thresholds": {
                "count<5": false
            }
        },
        "http_req_tls_handshaking": {
            "max": 81.305213,
            "p(90)": 0,
            "p(95)": 56.564836,
            "avg": 4.610474688524589,
            "min": 0,
            "med": 0
        },
        "data_sent": {
            "rate": 1669.903430910771,
            "count": 51449
        },
        "http_req_receiving": {
            "avg": 0.40273581967213107,
            "min": 0.110717,
            "med": 0.223334,
            "max": 1.958775,
            "p(90)": 0.943833,
            "p(95)": 1.089926
        },
        "filtered_tasks_count": {
            "count": 180,
            "rate": 5.842341300393375
        },
        "http_req_waiting": {
            "min": 71.637351,
            "med": 86.897432,
            "max": 267.119465,
            "p(90)": 99.923174,
            "p(95)": 103.682636,
            "avg": 91.24751796721317
        },
        "http_req_failed": {
            "passes": 0,
            "fails": 61,
            "value": 0
        },
        "priority_tasks_count": {
            "count": 180,
            "rate": 5.842341300393375
        },
        "http_req_duration": {
            "avg": 91.68655250819668,
            "min": 72.229135,
            "med": 87.117088,
            "max": 267.329968,
            "p(90)": 100.912037,
            "p(95)": 104.019111,
            "thresholds": {
                "p(95)<3000": false
            }
        },
        "checks": {
            "passes": 781,
            "fails": 0,
            "thresholds": {
                "rate>0.95": false
            },
            "value": 1
        },
        "http_req_connecting": {
            "p(95)": 27.783587,
            "avg": 2.2394403278688526,
            "min": 0,
            "med": 0,
            "max": 39.601428,
            "p(90)": 0
        },
        "vus_max": {
            "value": 3,
            "min": 3,
            "max": 3
        }
    },
    "setup_data": {
        "sessionCookie": "__Secure-better-auth.session_token=aXApdXgp2f3RvnKKvfQGI88Df3j9Qc0X.0mpOXtMBWxX9errxGQE%2Bn1Nh2kpBYCCMmxJYJOBkXjc%3D",
        "token": "aXApdXgp2f3RvnKKvfQGI88Df3j9Qc0X",
        "userEmail": "testprovider@gmail.com",
        "userId": "yEkCmDnrgxxxwwqAtqQe9pIXWoF8QgT8",
        "userRole": null
    },
    "root_group": {
        "groups": {
            "setup": {
                "name": "setup",
                "path": "::setup",
                "id": "5c0f8025f7e0b6654089e5b00e950f1a",
                "groups": {},
                "checks": {
                        "✅ Provider Login status is 200": {
                            "id": "f25c9fe94ac5469c04c6fa8b42466767",
                            "passes": 1,
                            "fails": 0,
                            "name": "✅ Provider Login status is 200",
                            "path": "::setup::✅ Provider Login status is 200"
                        }
                    }
            }
        },
        "checks": {
            "✅ Priority-Filtered RSC status is 200": {
                "name": "✅ Priority-Filtered RSC status is 200",
                "path": "::✅ Priority-Filtered RSC status is 200",
                "id": "604291d2b1adbcae6dd72902ff6cd3da",
                "passes": 60,
                "fails": 0
            },
            "✅ Response contains RSC format": {
                "name": "✅ Response contains RSC format",
                "path": "::✅ Response contains RSC format",
                "id": "230a898fa9dfa0dbed1233df591ab3bd",
                "passes": 60,
                "fails": 0
            },
            "✅ Response includes priority filter": {
                "path": "::✅ Response includes priority filter",
                "id": "db875bec7ed5f55406d35498c9252670",
                "passes": 60,
                "fails": 0,
                "name": "✅ Response includes priority filter"
            },
            "✅ Response has Medium priority tasks": {
                "passes": 60,
                "fails": 0,
                "name": "✅ Response has Medium priority tasks",
                "path": "::✅ Response has Medium priority tasks",
                "id": "eeeb091d9a584bf608f59c4c46aeffbc"
            },
            "✅ Response includes task data": {
                "name": "✅ Response includes task data",
                "path": "::✅ Response includes task data",
                "id": "cfb7f1abc645032f78620942be4508ad",
                "passes": 60,
                "fails": 0
            },
            "✅ Response has priority counts": {
                "fails": 0,
                "name": "✅ Response has priority counts",
                "path": "::✅ Response has priority counts",
                "id": "9eb9a2ad258f8d55ee40f689a03c55a0",
                "passes": 60
            },
            "✅ Response time under 3s": {
                "fails": 0,
                "name": "✅ Response time under 3s",
                "path": "::✅ Response time under 3s",
                "id": "19037091d6024770979a95a8e1d7234c",
                "passes": 60
            },
            "✅ Contains loading skeleton": {
                "name": "✅ Contains loading skeleton",
                "path": "::✅ Contains loading skeleton",
                "id": "32a24c641c24883a917a6b14bf6637a8",
                "passes": 60,
                "fails": 0
            },
            "✅ Contains priority-filtered task data": {
                "name": "✅ Contains priority-filtered task data",
                "path": "::✅ Contains priority-filtered task data",
                "id": "1bea9149c427b3e3307ebe994c90c4b4",
                "passes": 60,
                "fails": 0
            },
            "✅ Contains provider data": {
                "fails": 0,
                "name": "✅ Contains provider data",
                "path": "::✅ Contains provider data",
                "id": "a0f7a10f6f324a2087f9d8769b2d1250",
                "passes": 60
            },
            "✅ Has correct priority filter arguments": {
                "name": "✅ Has correct priority filter arguments",