{
    "metrics": {
        "http_req_sending": {
            "med": 0.033402,
            "max": 0.096749,
            "p(90)": 0.04705780000000001,
            "p(95)": 0.05968259999999999,
            "avg": 0.035448698113207555,
            "min": 0.017733
        },
        "iterations": {
            "count": 52,
            "rate": 1.6552722633109778
        },
        "http_req_waiting": {
            "min": 237.121568,
            "med": 252.038724,
            "max": 670.38543,
            "p(90)": 453.7281136,
            "p(95)": 493.2378812,
            "avg": 292.5567044150944
        },
        "api_failures": {
            "count": 0,
            "rate": 0,
            "thresholds": {
                "count<5": false
            }
        },
        "checks": {
            "passes": 521,
            "fails": 0,
            "thresholds": {
                "rate>0.95": false
            },
            "value": 1
        },
        "http_req_receiving": {
            "avg": 0.08234430188679245,
            "min": 0.039174,
            "med": 0.082524,
            "max": 0.119483,
            "p(90)": 0.0997328,
            "p(95)": 0.1011092
        },
        "data_received": {
            "count": 45187,
            "rate": 1438.39976465833
        },
        "http_req_duration{expected_response:true}": {
            "avg": 292.67449741509427,
            "min": 237.240479,
            "med": 252.147777,
            "max": 670.469577,
            "p(90)": 453.82158799999996,
            "p(95)": 493.3346034
        },
        "http_req_connecting": {
            "avg": 2.588849528301887,
            "min": 0,
            "med": 0,
            "max": 39.655817,
            "p(90)": 0,
            "p(95)": 30.80949059999999
        },
        "successful_requests": {
            "passes": 52,
            "fails": 0,
            "thresholds": {
                "rate>0.95": false
            },
            "value": 1
        },
        "vus_max": {
            "min": 3,
            "max": 3,
            "value": 3
        },
        "http_req_duration": {
            "min": 237.240479,
            "med": 252.147777,
            "max": 670.469577,
            "p(90)": 453.82158799999996,
            "p(95)": 493.3346034,
            "avg": 292.67449741509427,
            "thresholds": {
                "p(95)<3000": false
            }
        },
        "http_reqs": {
            "count": 53,
            "rate": 1.6871044222208043
        },
        "http_req_tls_handshaking": {
            "min": 0,
            "med": 0,
            "max": 80.470992,
            "p(90)": 0,
            "p(95)": 63.830443999999986,
            "avg": 5.2997525471698115
        },
        "http_req_failed": {
            "passes": 0,
            "fails": 53,
            "value": 0
        },
        "vus": {
            "value": 1,
            "min": 1,
            "max": 3
        },
        "data_sent": {
            "rate": 1083.6621857672235,
            "count": 34043
        },
        "http_req_blocked": {
            "avg": 8.552592811320757,
            "min": 0.003257,
            "med": 0.00564,
            "max": 122.292703,
            "p(90)": 0.009074800000000001,
            "p(95)": 105.2429684
        },
        "iteration_duration": {
            "med": 1255.1934995000001,
            "max": 1792.309788,
            "p(90)": 1455.1209716,
            "p(95)": 1494.51041825,
            "avg": 1301.0535352884615,
            "min": 1238.282847
        }
    },
    "setup_data": {
        "sessionCookie": "__Secure-better-auth.session_token=FEWWHcNe3s6fXGnMGMb6XxKPb9o6cBvb.GVf0MPcfdIqXxTgGrKPnuOvYFb4GGcUN%2FkpksAHAPbo%3D",
        "token": "FEWWHcNe3s6fXGnMGMb6XxKPb9o6cBvb",
        "userId": "mHe2a4J4yxEBTzW2M0lhSliJzoeRclIx"
    },
    "root_group": {
        "groups": {
            "setup": {
                "groups": {},
                "checks": {
                        "✅ Login status is 200": {
                            "name": "✅ Login status is 200",
                            "path": "::setup::✅ Login status is 200",
                            "id": "ef5748235dba7417d2a94f2e9e0282c6",
                            "passes": 1,
                            "fails": 0
                        }
                    },
                "name": "setup",
                "path": "::setup",
                "id": "5c0f8025f7e0b6654089e5b00e950f1a"
            }
        },
        "checks": {
            "✅ Create User status is 200": {
                "name": "✅ Create User status is 200",
                "path": "::✅ Create User status is 200",
                "id": "1afcb8ffb97de0042b15434589c8c74d",
                "passes": 52,
                "fails": 0
            },
            "✅ Response has user object": {
                "name": "✅ Response has user object",
                "path": "::✅ Response has user object",
                "id": "5c7f2b6b8b872d2e9dd3e6261499ac2e",
                "passes": 52,
                "fails": 0
            },
            "✅ User has ID field": {
                "fails": 0,
                "name": "✅ User has ID field",
                "path": "::✅ User has ID field",
                "id": "54f76e3975fa932ae6be3a7e628cf71d",
                "passes": 52
            },
            "✅ User email matches request": {
                "path": "::✅ User email matches request",
                "id": "5030fb22a471d298a619ba779b77a815",
                "passes": 52,
                "fails": 0,
                "name": "✅ User email matches request"
            },
            "✅ User name matches request": {
                "path": "::✅ User name matches request",
                "id": "7b79130807f76f3de350f49012fbda7c",
                "passes": 52,
                "fails": 0,
                "name": "✅ User name matches request"
            },
            "✅ User role is set correctly": {
                "name": "✅ User role is set correctly",
                "path": "::✅ User role is set correctly",
                "id": "fe928c112cfb09b313a4cb181c799a1f",
                "passes": 52,
                "fails": 0
            },
            "✅ User ID format is valid": {
                "name": "✅ User ID format is valid",
                "path": "::✅ User ID format is valid",
                "id": "f93475207b262c58d68191669b0ef0b2",
                "passes": 52,
                "fails": 0
            },
            "✅ User email format is valid": {
                "name": "✅ User email format is valid",
                "path": "::✅ User email format is valid",
                "id": "1fc0216ce0f1a6f8a1cbbe85edb620d3",
                "passes": 52,
                "fails": 0
            },
            "✅ User has timestamps": {
                "path": "::✅ User has timestamps",
                "id": "3ef5f3041872facd78bf2089566d818b",
                "passes": 52,
                "fails": 0,
                "name": "✅ User has timestamps"
            },
            "✅ User role is valid": {
                "name": "✅ User role is valid",
                "path": "::✅ User role is valid",
                "id": "dc17da2dd65bad1205f330e8a551fedd",
                "passes": 52,
                "fails": 0
            }
        },
        "name": "",
        "path": "",
        "id": "d41d8cd98f00b204e9800998ecf8427e"
    }
}