{
    "root_group": {
        "path": "",
        "id": "d41d8cd98f00b204e9800998ecf8427e",
        "groups": {},
        "checks": {
                "✅ Token is present": {
                    "fails": 0,
                    "name": "✅ Token is present",
                    "path": "::✅ Token is present",
                    "id": "ea0637f73bc02a6521537559bf962535",
                    "passes": 1
                },
                "✅ User data is present": {
                    "passes": 1,
                    "fails": 0,
                    "name": "✅ User data is present",
                    "path": "::✅ User data is present",
                    "id": "828c32906626828b931e9f8c243dd059"
                },
                "✅ User email matches": {
                    "id": "235ae969e946fa097b0106042dacf9af",
                    "passes": 1,
                    "fails": 0,
                    "name": "✅ User email matches",
                    "path": "::✅ User email matches"
                }
            },
        "name": ""
    },
    "metrics": {
        "http_req_blocked": {
            "p(95)": 195.575706,
            "avg": 195.575706,
            "min": 195.575706,
            "med": 195.575706,
            "max": 195.575706,
            "p(90)": 195.575706
        },
        "http_req_receiving": {
            "avg": 0.115475,
            "min": 0.115475,
            "med": 0.115475,
            "max": 0.115475,
            "p(90)": 0.115475,
            "p(95)": 0.115475
        },
        "data_received": {
            "count": 3108,
            "rate": 2143.5538673255733
        },
        "http_req_duration{expected_response:true}": {
            "p(90)": 251.806392,
            "p(95)": 251.806392,
            "avg": 251.806392,
            "min": 251.806392,
            "med": 251.806392,
            "max": 251.806392
        },
        "vus": {
            "value": 1,
            "min": 1,
            "max": 1
        },
        "iterations": {
            "count": 1,
            "rate": 0.6896891465011498
        },
        "successful_logins": {
            "passes": 0,
            "fails": 0,
            "thresholds": {
                "rate>0.99": false
            },
            "value": 0
        },
        "data_sent": {
            "count": 1895,
            "rate": 1306.9609326196787
        },
        "http_req_tls_handshaking": {
            "max": 72.498107,
            "p(90)": 72.498107,
            "p(95)": 72.498107,
            "avg": 72.498107,
            "min": 72.498107,
            "med": 72.498107
        },
        "http_req_waiting": {
            "med": 251.566559,
            "max": 251.566559,
            "p(90)": 251.566559,
            "p(95)": 251.566559,
            "avg": 251.566559,
            "min": 251.566559
        },
        "iteration_duration": {
            "avg": 1000.267867,
            "min": 1000.267867,
            "med": 1000.267867,
            "max": 1000.267867,
            "p(90)": 1000.267867,
            "p(95)": 1000.267867
        },
        "login_failures": {
            "count": 0,
            "rate": 0,
            "thresholds": {
                "count<1": false
            }
        },
        "checks": {
            "passes": 3,
            "fails": 0,
            "thresholds": {
                "rate>0.99": false
            },
            "value": 1
        },
        "http_reqs": {
            "count": 1,
            "rate": 0.6896891465011498
        },
        "vus_max": {
            "value": 1,
            "min": 1,
            "max": 1
        },
        "http_req_connecting": {
            "p(90)": 34.658298,
            "p(95)": 34.658298,
            "avg": 34.658298,
            "min": 34.658298,
            "med": 34.658298,
            "max": 34.658298
        },
        "http_req_sending": {
            "avg": 0.124358,
            "min": 0.124358,
            "med": 0.124358,
            "max": 0.124358,
            "p(90)": 0.124358,
            "p(95)": 0.124358
        },
        "http_req_failed": {
            "passes": 0,
            "fails": 1,
            "value": 0
        },
        "http_req_duration": {
            "min": 251.806392,
            "med": 251.806392,
            "max": 251.806392,
            "p(90)": 251.806392,
            "p(95)": 251.806392,
            "avg": 251.806392,
            "thresholds": {
                "p(95)<3000": false
            }
        }
    },
    "setup_data": {
        "token": "QMcTjWk6SDvFpq7z0rOqrkipuYJQxeAm",
        "user": {
            "email": "deepeshm@pennhealthinfo.com",
            "emailVerified": true,
            "id": "mHe2a4J4yxEBTzW2M0lhSliJzoeRclIx",
            "image": null,
            "name": "Deepesh M S",
            "updatedAt": "2025-07-14T17:29:47.569Z",
            "createdAt": "2025-07-14T17:29:47.569Z"
        }
    }
}