{
    "metrics": {
        "vus_max": {
            "value": 3,
            "min": 3,
            "max": 3
        },
        "http_req_connecting": {
            "max": 250.8821,
            "p(90)": 250.5994,
            "p(95)": 250.74075000000002,
            "avg": 249.76023333333333,
            "min": 248.93,
            "med": 249.4686
        },
        "iterations": {
            "count": 1,
            "rate": 0.02038097504459663
        },
        "http_req_receiving": {
            "med": 0.4604,
            "max": 0.7597,
            "p(90)": 0.69984,
            "p(95)": 0.72977,
            "avg": 0.5172,
            "min": 0.3315
        },
        "data_sent": {
            "count": 4935,
            "rate": 100.58011184508437
        },
        "successful_requests": {
            "passes": 2,
            "fails": 0,
            "thresholds": {
                "rate>0.95": false
            },
            "value": 1
        },
        "data_received": {
            "count": 13536,
            "rate": 275.87687820366
        },
        "http_req_blocked": {
            "avg": 794.598,
            "min": 756.2643,
            "med": 773.0173,
            "max": 854.5124,
            "p(90)": 838.2133799999999,
            "p(95)": 846.36289
        },
        "http_req_sending": {
            "avg": 0.11496666666666666,
            "min": 0,
            "med": 0,
            "max": 0.3449,
            "p(90)": 0.27592,
            "p(95)": 0.31040999999999996
        },
        "iteration_duration": {
            "avg": 23349.1352,
            "min": 23349.1352,
            "med": 23349.1352,
            "max": 23349.1352,
            "p(90)": 23349.1352,
            "p(95)": 23349.1352
        },
        "api_failures": {
            "count": 0,
            "rate": 0,
            "thresholds": {
                "count<5": false
            }
        },
        "http_req_duration": {
            "p(95)": 22299.20682,
            "avg": 17388.519766666668,
            "min": 8285.2975,
            "med": 21491.286,
            "max": 22388.9758,
            "p(90)": 22209.43784,
            "thresholds": {
                "p(95)<3000": true
            }
        },
        "http_req_waiting": {
            "med": 21490.9545,
            "max": 22387.8712,
            "p(90)": 22208.48786,
            "p(95)": 22298.17953,
            "avg": 17387.887600000002,
            "min": 8284.8371
        },
        "vus": {
            "value": 1,
            "min": 0,
            "max": 3
        },
        "rsc_response_time": {
            "rate": 927.1305547787008,
            "count": 45490
        },
        "checks": {
            "passes": 7,
            "fails": 16,
            "thresholds": {
                "rate>0.95": true
            },
            "value": 0.30434782608695654
        },
        "http_reqs": {
            "rate": 0.0611429251337899,
            "count": 3
        },
        "http_req_failed": {
            "passes": 0,
            "fails": 3,
            "value": 0
        },
        "http_req_tls_handshaking": {
            "avg": 543.3564666666666,
            "min": 505.0373,
            "med": 520.0139,
            "max": 605.0182,
            "p(90)": 588.01734,
            "p(95)": 596.5177699999999
        },
        "http_req_duration{expected_response:true}": {
            "avg": 17388.519766666668,
            "min": 8285.2975,
            "med": 21491.286,
            "max": 22388.9758,
            "p(90)": 22209.43784,
            "p(95)": 22299.20682
        }
    },
    "setup_data": {
        "token": "EE6KBrZPeIQR87wZAfbAIql2ReGTP80a",
        "userEmail": "testprovider@gmail.com",
        "userId": "yEkCmDnrgxxxwwqAtqQe9pIXWoF8QgT8",
        "userRole": null,
        "sessionCookie": "__Secure-better-auth.session_token=EE6KBrZPeIQR87wZAfbAIql2ReGTP80a.zq3LuAc%2F6Ee3cgcujmWEWOr40V1wGOiwcV9Bmk2uvfg%3D"
    },
    "root_group": {
        "checks": {
            "✅ Filtered RSC status is 200": {
                "id": "77099928e506e9901afa1b05bd981397",
                "passes": 2,
                "fails": 0,
                "name": "✅ Filtered RSC status is 200",
                "path": "::✅ Filtered RSC status is 200"
            },
            "✅ Response contains RSC format": {
                "fails": 0,
                "name": "✅ Response contains RSC format",
                "path": "::✅ Response contains RSC format",
                "id": "230a898fa9dfa0dbed1233df591ab3bd",
                "passes": 2
            },
            "✅ Response includes status filter": {
                "passes": 0,
                "fails": 2,
                "name": "✅ Response includes status filter",
                "path": "::✅ Response includes status filter",
                "id": "edceea1ca6a59c96ebe34e25a86ac66b"
            },
            "✅ Response has AI Draft tasks": {
                "fails": 2,
                "name": "✅ Response has AI Draft tasks",
                "path": "::✅ Response has AI Draft tasks",
                "id": "4b89c06e5f2cdbd7ab4bf7c3ee0fe05f",
                "passes": 0
            },
            "✅ Response includes task data": {
                "name": "✅ Response includes task data",
                "path": "::✅ Response includes task data",
                "id": "cfb7f1abc645032f78620942be4508ad",
                "passes": 0,
                "fails": 2
            },
            "✅ Response time under 3s": {
                "fails": 2,
                "name": "✅ Response time under 3s",
                "path": "::✅ Response time under 3s",
                "id": "19037091d6024770979a95a8e1d7234c",
                "passes": 0
            },
            "✅ Contains loading skeleton": {
                "name": "✅ Contains loading skeleton",
                "path": "::✅ Contains loading skeleton",
                "id": "32a24c641c24883a917a6b14bf6637a8",
                "passes": 0,
                "fails": 2
            },
            "✅ Contains filtered task data": {
                "name": "✅ Contains filtered task data",
                "path": "::✅ Contains filtered task data",
                "id": "8c8afd6fb901a354a0c398df083e46d7",
                "passes": 0,
                "fails": 2
            },
            "✅ Contains provider data": {
                "name": "✅ Contains provider data",
                "path": "::✅ Contains provider data",
                "id": "a0f7a10f6f324a2087f9d8769b2d1250",
                "passes": 0,
                "fails": 2
            },
            "✅ Has correct filter arguments": {
                "name": "✅ Has correct filter arguments",
                "path": "::✅ Has correct filter arguments",
                "id": "87fd6e4c459b6e328d1f12f47c13548c",
                "passes": 0,
                "fails": 2
            },
            "✅ Proper RSC content type": {
                "fails": 0,
                "name": "✅ Proper RSC content type",
                "path": "::✅ Proper RSC content type",
                "id": "9bcaab0858bd88d1284a44cd4826b85e",
                "passes": 2
            }
        },
        "name": "",
        "path": "",
        "id": "d41d8cd98f00b204e9800998ecf8427e",
        "groups": {
            "setup": {
                "path": "::setup",
                "id": "5c0f8025f7e0b6654089e5b00e950f1a",
                "groups": {},
                "checks": {
                        "✅ Provider Login status is 200": {
                            "name": "✅ Provider Login status is 200",
                            "path": "::setup::✅ Provider Login status is 200",
                            "id": "f25c9fe94ac5469c04c6fa8b42466767",
                            "passes": 1,
                            "fails": 0
                        }
                    },
                "name": "setup"
            }
        }
    }
}