{
    "metrics": {
        "http_req_failed": {
            "passes": 0,
            "fails": 1,
            "value": 0
        },
        "http_req_duration{expected_response:true}": {
            "p(95)": 471.4168,
            "avg": 471.4168,
            "min": 471.4168,
            "med": 471.4168,
            "max": 471.4168,
            "p(90)": 471.4168
        },
        "http_req_blocked": {
            "med": 810.9686,
            "max": 810.9686,
            "p(90)": 810.9686,
            "p(95)": 810.9686,
            "avg": 810.9686,
            "min": 810.9686
        },
        "http_req_receiving": {
            "avg": 0.0931,
            "min": 0.0931,
            "med": 0.0931,
            "max": 0.0931,
            "p(90)": 0.0931,
            "p(95)": 0.0931
        },
        "data_sent": {
            "count": 673,
            "rate": 293.8526377487727
        },
        "successful_logins": {
            "passes": 0,
            "fails": 0,
            "thresholds": {
                "rate>0.99": false
            },
            "value": 0
        },
        "http_reqs": {
            "count": 1,
            "rate": 0.4366309624796028
        },
        "http_req_waiting": {
            "avg": 470.9924,
            "min": 470.9924,
            "med": 470.9924,
            "max": 470.9924,
            "p(90)": 470.9924,
            "p(95)": 470.9924
        },
        "data_received": {
            "rate": 1356.612400424126,
            "count": 3107
        },
        "iterations": {
            "count": 1,
            "rate": 0.4366309624796028
        },
        "checks": {
            "passes": 3,
            "fails": 0,
            "thresholds": {
                "rate>0.99": false
            },
            "value": 1
        },
        "http_req_tls_handshaking": {
            "max": 544.5446,
            "p(90)": 544.5446,
            "p(95)": 544.5446,
            "avg": 544.5446,
            "min": 544.5446,
            "med": 544.5446
        },
        "http_req_connecting": {
            "avg": 262.0689,
            "min": 262.0689,
            "med": 262.0689,
            "max": 262.0689,
            "p(90)": 262.0689,
            "p(95)": 262.0689
        },
        "iteration_duration": {
            "avg": 1001.6008,
            "min": 1001.6008,
            "med": 1001.6008,
            "max": 1001.6008,
            "p(90)": 1001.6008,
            "p(95)": 1001.6008
        },
        "http_req_duration": {
            "p(95)": 471.4168,
            "avg": 471.4168,
            "min": 471.4168,
            "med": 471.4168,
            "max": 471.4168,
            "p(90)": 471.4168,
            "thresholds": {
                "p(95)<3000": false
            }
        },
        "http_req_sending": {
            "min": 0.3313,
            "med": 0.3313,
            "max": 0.3313,
            "p(90)": 0.3313,
            "p(95)": 0.3313,
            "avg": 0.3313
        },
        "login_failures": {
            "rate": 0,
            "count": 0,
            "thresholds": {
                "count<1": false
            }
        },
        "vus_max": {
            "value": 1,
            "min": 1,
            "max": 1
        },
        "vus": {
            "value": 1,
            "min": 0,
            "max": 1
        }
    },
    "setup_data": {
        "user": {
            "createdAt": "2025-07-14T17:29:47.569Z",
            "email": "deepeshm@pennhealthinfo.com",
            "emailVerified": true,
            "id": "mHe2a4J4yxEBTzW2M0lhSliJzoeRclIx",
            "image": null,
            "name": "Deepesh M S",
            "updatedAt": "2025-07-14T17:29:47.569Z"
        },
        "token": "jIgM9W3xhytugFhrpPqu4V8HwZiEcpbq"
    },
    "root_group": {
        "name": "",
        "path": "",
        "id": "d41d8cd98f00b204e9800998ecf8427e",
        "groups": {},
        "checks": {
                "✅ Token is present": {
                    "name": "✅ Token is present",
                    "path": "::✅ Token is present",
                    "id": "ea0637f73bc02a6521537559bf962535",
                    "passes": 1,
                    "fails": 0
                },
                "✅ User data is present": {
                    "fails": 0,
                    "name": "✅ User data is present",
                    "path": "::✅ User data is present",
                    "id": "828c32906626828b931e9f8c243dd059",
                    "passes": 1
                },
                "✅ User email matches": {
                    "id": "235ae969e946fa097b0106042dacf9af",
                    "passes": 1,
                    "fails": 0,
                    "name": "✅ User email matches",
                    "path": "::✅ User email matches"
                }
            }
    }
}