{
    "metrics": {
        "data_received": {
            "count": 361090,
            "rate": 7050.946650267453
        },
        "http_reqs": {
            "count": 99,
            "rate": 1.9331571585379763
        },
        "iterations": {
            "rate": 1.9136303185527443,
            "count": 98
        },
        "http_req_waiting": {
            "max": 448.8949,
            "p(90)": 263.39752000000004,
            "p(95)": 266.67036,
            "avg": 261.07709191919196,
            "min": 249.4231,
            "med": 259.6358
        },
        "data_sent": {
            "count": 67343,
            "rate": 1314.9959851254844
        },
        "http_req_sending": {
            "p(95)": 0.004639999999999736,
            "avg": 0.014345454545454545,
            "min": 0,
            "med": 0,
            "max": 0.6234,
            "p(90)": 0
        },
        "search_operations": {
            "count": 98,
            "rate": 1.9136303185527443,
            "thresholds": {
                "count>0": false
            }
        },
        "http_req_tls_handshaking": {
            "med": 0,
            "max": 503.1078,
            "p(90)": 0,
            "p(95)": 0,
            "avg": 20.121175757575756,
            "min": 0
        },
        "http_req_duration{expected_response:true}": {
            "avg": 261.2463454545454,
            "min": 249.7471,
            "med": 259.8194,
            "max": 449.5183,
            "p(90)": 263.92466,
            "p(95)": 266.69619
        },
        "iteration_duration": {
            "max": 2018.6167,
            "p(90)": 1267.10204,
            "p(95)": 1271.8182649999999,
            "avg": 1283.26361122449,
            "min": 1250.7733,
            "med": 1260.84085
        },
        "successful_requests": {
            "passes": 98,
            "fails": 0,
            "thresholds": {
                "rate>0.95": false
            },
            "value": 1
        },
        "http_req_blocked": {
            "avg": 30.118086868686866,
            "min": 0,
            "med": 0,
            "max": 752.3844,
            "p(90)": 0,
            "p(95)": 0
        },
        "http_req_receiving": {
            "min": 0,
            "med": 0,
            "max": 0.9509,
            "p(90)": 0.50928,
            "p(95)": 0.6510899999999996,
            "avg": 0.1549080808080808
        },
        "http_req_failed": {
            "passes": 0,
            "fails": 99,
            "value": 0
        },
        "api_failures": {
            "count": 0,
            "rate": 0,
            "thresholds": {
                "count<5": false
            }
        },
        "http_req_duration": {
            "med": 259.8194,
            "max": 449.5183,
            "p(90)": 263.92466,
            "p(95)": 266.69619,
            "avg": 261.2463454545454,
            "min": 249.7471,
            "thresholds": {
                "p(95)<3000": false
            }
        },
        "vus_max": {
            "value": 3,
            "min": 3,
            "max": 3
        },
        "vus": {
            "value": 1,
            "min": 0,
            "max": 3
        },
        "http_req_connecting": {
            "p(90)": 0,
            "p(95)": 0,
            "avg": 9.89691111111111,
            "min": 0,
            "med": 0,
            "max": 248.7416
        },
        "checks": {
            "passes": 356,
            "fails": 0,
            "thresholds": {
                "rate>0.95": false
            },
            "value": 1
        }
    },
    "setup_data": {
        "token": "R99iChwzAIbBtWuVB48KUkIVAYxl12V2",
        "userId": "mHe2a4J4yxEBTzW2M0lhSliJzoeRclIx",
        "sessionCookie": "__Secure-better-auth.session_token=R99iChwzAIbBtWuVB48KUkIVAYxl12V2.U3JU3bSdC7kk5HgbX9VkvkbE%2BUXddJP%2F5Zdq9eOc0OM%3D"
    },
    "root_group": {
        "name": "",
        "path": "",
        "id": "d41d8cd98f00b204e9800998ecf8427e",
        "groups": {
            "setup": {
                "name": "setup",
                "path": "::setup",
                "id": "5c0f8025f7e0b6654089e5b00e950f1a",
                "groups": {},
                "checks": {
                        "✅ Login status is 200": {
                            "id": "ef5748235dba7417d2a94f2e9e0282c6",
                            "passes": 1,
                            "fails": 0,
                            "name": "✅ Login status is 200",
                            "path": "::setup::✅ Login status is 200"
                        }
                    }
            }
        },
        "checks": {
            "✅ Admin search-users status is 200": {
                "name": "✅ Admin search-users status is 200",
                "path": "::✅ Admin search-users status is 200",
                "id": "5cad04a758b9628592a252489c58a90a",
                "passes": 98,
                "fails": 0
            },
            "✅ Response has users array": {
                "passes": 98,
                "fails": 0,
                "name": "✅ Response has users array",
                "path": "::✅ Response has users array",
                "id": "a94bc8497824a32ee1abc462a6f27a24"
            },
            "✅ Search response structure is valid": {
                "fails": 0,
                "name": "✅ Search response structure is valid",
                "path": "::✅ Search response structure is valid",
                "id": "e197bc1ef037b593ef164d0c9ab09bad",
                "passes": 98
            },
            "✅ Users match search criteria": {
                "name": "✅ Users match search criteria",
                "path": "::✅ Users match search criteria",
                "id": "4b454d58c2203e39e4e806a489d160d8",
                "passes": 61,
                "fails": 0
            }
        }
    }
}