{
    "metrics": {
        "http_req_duration": {
            "med": 480.9146,
            "max": 929.2081,
            "p(90)": 511.6905,
            "p(95)": 513.6194,
            "avg": 389.7241191489361,
            "min": 251.0513,
            "thresholds": {
                "p(95)<3000": false
            }
        },
        "data_sent": {
            "count": 168889,
            "rate": 3255.583421275151
        },
        "http_req_sending": {
            "avg": 0.017562411347517733,
            "min": 0,
            "med": 0,
            "max": 1.0603,
            "p(90)": 0,
            "p(95)": 0.0828
        },
        "http_req_receiving": {
            "p(95)": 2.4151,
            "avg": 1.000858156028369,
            "min": 0,
            "med": 0.5435,
            "max": 4.0743,
            "p(90)": 2.1268
        },
        "data_received": {
            "count": 3023994,
            "rate": 58291.92388157624
        },
        "http_reqs": {
            "count": 141,
            "rate": 2.7179820023790553
        },
        "vus": {
            "value": 1,
            "min": 0,
            "max": 3
        },
        "vus_max": {
            "max": 3,
            "value": 3,
            "min": 3
        },
        "http_req_duration{expected_response:true}": {
            "avg": 389.7241191489361,
            "min": 251.0513,
            "med": 480.9146,
            "max": 929.2081,
            "p(90)": 511.6905,
            "p(95)": 513.6194
        },
        "http_req_waiting": {
            "med": 478.9795,
            "max": 929.2081,
            "p(90)": 509.7739,
            "p(95)": 511.3826,
            "avg": 388.7056985815603,
            "min": 250.9378
        },
        "http_req_failed": {
            "passes": 0,
            "fails": 141,
            "value": 0
        },
        "checks": {
            "passes": 141,
            "fails": 0,
            "thresholds": {
                "rate>0.95": false
            },
            "value": 1
        },
        "successful_requests": {
            "fails": 0,
            "passes": 70,
            "thresholds": {
                "rate>0.95": false
            },
            "value": 1
        },
        "http_req_connecting": {
            "p(90)": 0,
            "p(95)": 0,
            "avg": 6.979714893617021,
            "min": 0,
            "med": 0,
            "max": 250.923
        },
        "user_updates": {
            "count": 70,
            "rate": 1.3493527671385381,
            "thresholds": {
                "count>0": false
            }
        },
        "http_req_blocked": {
            "min": 0,
            "med": 0,
            "max": 770.1139,
            "p(90)": 0,
            "p(95)": 0,
            "avg": 21.233254609929073
        },
        "iterations": {
            "rate": 1.3493527671385381,
            "count": 70
        },
        "http_req_tls_handshaking": {
            "min": 0,
            "med": 0,
            "max": 519.1909,
            "p(90)": 0,
            "p(95)": 0,
            "avg": 14.208890780141845
        },
        "iteration_duration": {
            "avg": 1812.102047142857,
            "min": 1733.487,
            "med": 1778.161,
            "max": 2562.5109,
            "p(90)": 1796.91599,
            "p(95)": 2140.1994949999985
        },
        "api_failures": {
            "rate": 0,
            "count": 0,
            "thresholds": {
                "count<5": false
            }
        }
    },
    "setup_data": {
        "token": "pfBvMlsKmpw4ZzyKzDPFnkpYKrE2i1LT",
        "userId": "mHe2a4J4yxEBTzW2M0lhSliJzoeRclIx",
        "sessionCookie": "__Secure-better-auth.session_token=pfBvMlsKmpw4ZzyKzDPFnkpYKrE2i1LT.Z3jB6yW9xkfEQ8eYLKZHgHG%2F4LftvTOmWnoKpzCDKI4%3D"
    },
    "root_group": {
        "name": "",
        "path": "",
        "id": "d41d8cd98f00b204e9800998ecf8427e",
        "groups": {
            "setup": {
                "checks": {
                    "✅ Login status is 200": {
                        "name": "✅ Login status is 200",
                        "path": "::setup::✅ Login status is 200",
                        "id": "ef5748235dba7417d2a94f2e9e0282c6",
                        "passes": 1,
                        "fails": 0
                    }
                },
                "name": "setup",
                "path": "::setup",
                "id": "5c0f8025f7e0b6654089e5b00e950f1a",
                "groups": {}
            }
        },
        "checks": {
            "✅ Admin edit-user status is 200": {
                "name": "✅ Admin edit-user status is 200",
                "path": "::✅ Admin edit-user status is 200",
                "id": "1b373af2cb092bed56aa1771a5f41a25",
                "passes": 70,
                "fails": 0
            },
            "✅ Response received": {
                "name": "✅ Response received",
                "path": "::✅ Response received",
                "id": "b807dfc05e33039721048b7326be5332",
                "passes": 70,
                "fails": 0
            }
        }
    }
}