{
    "metrics": {
        "http_req_blocked": {
            "avg": 146.19289736842106,
            "min": 0,
            "med": 0,
            "max": 2465.3487,
            "p(90)": 225.9273300000032,
            "p(95)": 1075.9891149999996
        },
        "data_received": {
            "count": 87897,
            "rate": 1965.2867886619124
        },
        "search_operations": {
            "count": 37,
            "rate": 0.8272820594615374,
            "thresholds": {
                "count>0": false
            }
        },
        "http_req_failed": {
            "passes": 0,
            "fails": 38,
            "value": 0
        },
        "api_failures": {
            "count": 0,
            "rate": 0,
            "thresholds": {
                "count<5": false
            }
        },
        "http_req_duration{expected_response:true}": {
            "min": 257.5347,
            "med": 262.57415000000003,
            "max": 11349.4921,
            "p(90)": 1863.9466100000004,
            "p(95)": 5363.045499999994,
            "avg": 1068.6444631578947
        },
        "data_sent": {
            "count": 27142,
            "rate": 606.8672880514878
        },
        "http_req_sending": {
            "min": 0,
            "med": 0,
            "max": 0.6498,
            "p(90)": 0.36742,
            "p(95)": 0.4311849999999999,
            "avg": 0.06076578947368421
        },
        "vus": {
            "value": 1,
            "min": 0,
            "max": 3
        },
        "http_req_tls_handshaking": {
            "p(90)": 150.96855000000215,
            "p(95)": 824.2884549999997,
            "avg": 117.58150263157897,
            "min": 0,
            "med": 0,
            "max": 2138.0621
        },
        "checks": {
            "fails": 0,
            "passes": 184,
            "thresholds": {
                "rate>0.95": false
            },
            "value": 1
        },
        "http_req_connecting": {
            "med": 0,
            "max": 259.8151,
            "p(90)": 74.64882000000105,
            "p(95)": 249.53186,
            "avg": 26.520523684210527,
            "min": 0
        },
        "http_req_waiting": {
            "min": 257.1812,
            "med": 262.2423,
            "max": 11349.4921,
            "p(90)": 1863.6955200000004,
            "p(95)": 5362.071594999994,
            "avg": 1068.2973447368424
        },
        "successful_requests": {
            "passes": 37,
            "fails": 0,
            "thresholds": {
                "rate>0.95": false
            },
            "value": 1
        },
        "http_reqs": {
            "count": 38,
            "rate": 0.849641034041579
        },
        "iteration_duration": {
            "med": 1263.2612,
            "max": 11290.9564,
            "p(90)": 2655.89184,
            "p(95)": 3663.988859999985,
            "avg": 1875.1695675675678,
            "min": 1258.4692
        },
        "iterations": {
            "count": 37,
            "rate": 0.8272820594615374
        },
        "vus_max": {
            "value": 3,
            "min": 3,
            "max": 3
        },
        "http_req_duration": {
            "min": 257.5347,
            "med": 262.57415000000003,
            "max": 11349.4921,
            "p(90)": 1863.9466100000004,
            "p(95)": 5363.045499999994,
            "avg": 1068.6444631578947,
            "thresholds": {
                "p(95)<3000": true
            }
        },
        "http_req_receiving": {
            "avg": 0.2863526315789474,
            "min": 0,
            "med": 0.3045,
            "max": 0.9281,
            "p(90)": 0.6995,
            "p(95)": 0.7978199999999998
        }
    },
    "setup_data": {
        "userId": "mHe2a4J4yxEBTzW2M0lhSliJzoeRclIx",
        "sessionCookie": "__Secure-better-auth.session_token=4mSEIuhIocxlfEGcE34IMT4gufK8fPam.LCEeg0zwrMrgCBwMWBueB8foI3Qfq10QM5TG%2BtBkW9g%3D",
        "token": "4mSEIuhIocxlfEGcE34IMT4gufK8fPam"
    },
    "root_group": {
        "path": "",
        "id": "d41d8cd98f00b204e9800998ecf8427e",
        "groups": {
            "setup": {
                "groups": {},
                "checks": {
                        "✅ Login status is 200": {
                            "name": "✅ Login status is 200",
                            "path": "::setup::✅ Login status is 200",
                            "id": "ef5748235dba7417d2a94f2e9e0282c6",
                            "passes": 1,
                            "fails": 0
                        }
                    },
                "name": "setup",
                "path": "::setup",
                "id": "5c0f8025f7e0b6654089e5b00e950f1a"
            }
        },
        "checks": {
            "✅ Admin role-filter-search status is 200": {
                "passes": 37,
                "fails": 0,
                "name": "✅ Admin role-filter-search status is 200",
                "path": "::✅ Admin role-filter-search status is 200",
                "id": "636e8f4303249f1dd6234270a69d4c5e"
            },
            "✅ Response has users array": {
                "fails": 0,
                "name": "✅ Response has users array",
                "path": "::✅ Response has users array",
                "id": "a94bc8497824a32ee1abc462a6f27a24",
                "passes": 37
            },
            "✅ Search response structure is valid": {
                "passes": 37,
                "fails": 0,
                "name": "✅ Search response structure is valid",
                "path": "::✅ Search response structure is valid",
                "id": "e197bc1ef037b593ef164d0c9ab09bad"
            },
            "✅ All users match selected role": {
                "id": "3defe24c75b0b2c1856b3dfd3fa0fac2",
                "passes": 14,
                "fails": 0,
                "name": "✅ All users match selected role",
                "path": "::✅ All users match selected role"
            },
            "✅ User objects have required fields": {
                "fails": 0,
                "name": "✅ User objects have required fields",
                "path": "::✅ User objects have required fields",
                "id": "d371a082343c27e320f6c44f425db641",
                "passes": 21
            },
            "✅ User role is valid": {
                "name": "✅ User role is valid",
                "path": "::✅ User role is valid",
                "id": "dc17da2dd65bad1205f330e8a551fedd",
                "passes": 21,
                "fails": 0
            },
            "✅ Users match email search criteria": {
                "name": "✅ Users match email search criteria",
                "path": "::✅ Users match email search criteria",
                "id": "56e71ef0855b4bece7b1d8a8568e87cf",
                "passes": 16,
                "fails": 0
            }
        },
        "name": ""
    }
}