{
    "metrics": {
        "http_req_connecting": {
            "avg": 23.328358139534885,
            "min": 0,
            "med": 0,
            "max": 257.8459,
            "p(90)": 0,
            "p(95)": 244.37884
        },
        "data_received": {
            "count": 1404827,
            "rate": 43288.89101850581
        },
        "vus_max": {
            "value": 3,
            "min": 3,
            "max": 3
        },
        "vus": {
            "value": 1,
            "min": 0,
            "max": 3
        },
        "http_req_tls_handshaking": {
            "avg": 47.27276976744186,
            "min": 0,
            "med": 0,
            "max": 531.9937,
            "p(90)": 0,
            "p(95)": 491.75928999999996
        },
        "http_req_sending": {
            "p(90)": 0,
            "p(95)": 0.018899999999999972,
            "avg": 0.011806976744186048,
            "min": 0,
            "med": 0,
            "max": 0.2687
        },
        "iteration_duration": {
            "max": 2900.6726,
            "p(90)": 1587.2624099999998,
            "p(95)": 2220.485369999998,
            "avg": 1596.7852499999997,
            "min": 1500.7378,
            "med": 1505.74135
        },
        "api_failures": {
            "count": 0,
            "rate": 0,
            "thresholds": {
                "count<5": false
            }
        },
        "http_reqs": {
            "count": 43,
            "rate": 1.3250188911486966
        },
        "rsc_response_time": {
            "rate": 771.0069226844544,
            "count": 25021
        },
        "filtered_tasks_count": {
            "count": 84,
            "rate": 2.58840899666257
        },
        "http_req_duration": {
            "max": 1122.8203,
            "p(90)": 555.48892,
            "p(95)": 704.7475999999998,
            "avg": 540.6341767441861,
            "min": 476.7817,
            "med": 504.2088,
            "thresholds": {
                "p(95)<3000": false
            }
        },
        "http_req_duration{expected_response:true}": {
            "med": 504.2088,
            "max": 1122.8203,
            "p(90)": 555.48892,
            "p(95)": 704.7475999999998,
            "avg": 540.6341767441861,
            "min": 476.7817
        },
        "http_req_waiting": {
            "p(90)": 554.00692,
            "p(95)": 702.8824599999998,
            "avg": 539.051793023256,
            "min": 476.0228,
            "med": 502.7631,
            "max": 1121.5123
        },
        "http_req_failed": {
            "fails": 43,
            "passes": 0,
            "value": 0
        },
        "data_sent": {
            "count": 33655,
            "rate": 1037.0583902699857
        },
        "http_req_receiving": {
            "avg": 1.570576744186047,
            "min": 0.1598,
            "med": 1.36,
            "max": 3.837,
            "p(90)": 2.5251800000000006,
            "p(95)": 2.68133
        },
        "successful_requests": {
            "passes": 42,
            "fails": 0,
            "thresholds": {
                "rate>0.95": false
            },
            "value": 1
        },
        "checks": {
            "passes": 463,
            "fails": 0,
            "thresholds": {
                "rate>0.95": false
            },
            "value": 1
        },
        "iterations": {
            "count": 42,
            "rate": 1.294204498331285
        },
        "http_req_blocked": {
            "p(90)": 0,
            "p(95)": 736.1381299999999,
            "avg": 70.73203720930233,
            "min": 0,
            "med": 0,
            "max": 794.5647
        }
    },
    "setup_data": {
        "userRole": null,
        "sessionCookie": "__Secure-better-auth.session_token=rGHJ4fyTxfd5IyNNtQNj4jzIa9k4ecbE.INoSq7ZR%2Bg7OYDxKVm%2BT0B167D08fFVPBA%2B0btgoLu4%3D",
        "token": "rGHJ4fyTxfd5IyNNtQNj4jzIa9k4ecbE",
        "userEmail": "testprovider@gmail.com",
        "userId": "yEkCmDnrgxxxwwqAtqQe9pIXWoF8QgT8"
    },
    "root_group": {
        "id": "d41d8cd98f00b204e9800998ecf8427e",
        "groups": {
            "setup": {
                "groups": {},
                "checks": {
                        "✅ Provider Login status is 200": {
                            "path": "::setup::✅ Provider Login status is 200",
                            "id": "f25c9fe94ac5469c04c6fa8b42466767",
                            "passes": 1,
                            "fails": 0,
                            "name": "✅ Provider Login status is 200"
                        }
                    },
                "name": "setup",
                "path": "::setup",
                "id": "5c0f8025f7e0b6654089e5b00e950f1a"
            }
        },
        "checks": {
            "✅ Filtered RSC status is 200": {
                "name": "✅ Filtered RSC status is 200",
                "path": "::✅ Filtered RSC status is 200",
                "id": "77099928e506e9901afa1b05bd981397",
                "passes": 42,
                "fails": 0
            },
            "✅ Response contains RSC format": {
                "name": "✅ Response contains RSC format",
                "path": "::✅ Response contains RSC format",
                "id": "230a898fa9dfa0dbed1233df591ab3bd",
                "passes": 42,
                "fails": 0
            },
            "✅ Response includes status filter": {
                "name": "✅ Response includes status filter",
                "path": "::✅ Response includes status filter",
                "id": "edceea1ca6a59c96ebe34e25a86ac66b",
                "passes": 42,
                "fails": 0
            },
            "✅ Response has AI Draft tasks": {
                "id": "4b89c06e5f2cdbd7ab4bf7c3ee0fe05f",
                "passes": 42,
                "fails": 0,
                "name": "✅ Response has AI Draft tasks",
                "path": "::✅ Response has AI Draft tasks"
            },
            "✅ Response includes task data": {
                "path": "::✅ Response includes task data",
                "id": "cfb7f1abc645032f78620942be4508ad",
                "passes": 42,
                "fails": 0,
                "name": "✅ Response includes task data"
            },
            "✅ Response time under 3s": {
                "passes": 42,
                "fails": 0,
                "name": "✅ Response time under 3s",
                "path": "::✅ Response time under 3s",
                "id": "19037091d6024770979a95a8e1d7234c"
            },
            "✅ Contains loading skeleton": {
                "name": "✅ Contains loading skeleton",
                "path": "::✅ Contains loading skeleton",
                "id": "32a24c641c24883a917a6b14bf6637a8",
                "passes": 42,
                "fails": 0
            },
            "✅ Contains filtered task data": {
                "passes": 42,
                "fails": 0,
                "name": "✅ Contains filtered task data",
                "path": "::✅ Contains filtered task data",
                "id": "8c8afd6fb901a354a0c398df083e46d7"
            },
            "✅ Contains provider data": {
                "name": "✅ Contains provider data",
                "path": "::✅ Contains provider data",
                "id": "a0f7a10f6f324a2087f9d8769b2d1250",
                "passes": 42,
                "fails": 0
            },
            "✅ Has correct filter arguments": {
                "name": "✅ Has correct filter arguments",
                "path": "::✅ Has correct filter arguments",
                "id": "87fd6e4c459b6e328d1f12f47c13548c",
                "passes": 42,
                "fails": 0
            },
            "✅ Proper RSC content type": {
                "name": "✅ Proper RSC content type",
                "path": "::✅ Proper RSC content type",
                "id": "9bcaab0858bd88d1284a44cd4826b85e",
                "passes": 42,
                "fails": 0
            }
        },
        "name": "",