{
    "metrics": {
        "successful_requests": {
            "passes": 84,
            "fails": 0,
            "thresholds": {
                "rate>0.95": false
            },
            "value": 1
        },
        "http_req_connecting": {
            "avg": 11.672278823529412,
            "min": 0,
            "med": 0,
            "max": 251.0671,
            "p(90)": 0,
            "p(95)": 0
        },
        "http_req_receiving": {
            "p(95)": 0.49795999999999996,
            "avg": 0.2315011764705882,
            "min": 0,
            "med": 0.2005,
            "max": 0.9558,
            "p(90)": 0.4617800000000001
        },
        "iterations": {
            "count": 84,
            "rate": 1.6124291691538706
        },
        "api_failures": {
            "count": 0,
            "rate": 0,
            "thresholds": {
                "count<5": false
            }
        },
        "http_req_failed": {
            "passes": 0,
            "fails": 85,
            "value": 0
        },
        "data_received": {
            "count": 66757,
            "rate": 1281.4396910143446
        },
        "vus_max": {
            "min": 3,
            "max": 3,
            "value": 3
        },
        "http_req_tls_handshaking": {
            "avg": 23.84122,
            "min": 0,
            "med": 0,
            "max": 521.5014,
            "p(90)": 0,
            "p(95)": 0
        },
        "http_req_sending": {
            "avg": 0.02070235294117647,
            "min": 0,
            "med": 0,
            "max": 1.167,
            "p(90)": 0,
            "p(95)": 0
        },
        "http_req_waiting": {
            "med": 457.6224,
            "max": 978.7978,
            "p(90)": 502.853,
            "p(95)": 566.93974,
            "avg": 477.41738,
            "min": 436.3805
        },
        "http_req_duration{expected_response:true}": {
            "avg": 477.6695835294121,
            "min": 436.8646,
            "med": 457.8029,
            "max": 978.874,
            "p(90)": 503.17128,
            "p(95)": 567.1003000000001
        },
        "http_req_blocked": {
            "min": 0,
            "med": 0,
            "max": 773.2341,
            "p(90)": 0,
            "p(95)": 0,
            "avg": 35.57933647058824
        },
        "vus": {
            "value": 1,
            "min": 0,
            "max": 3
        },
        "http_reqs": {
            "count": 85,
            "rate": 1.6316247545009406
        },
        "iteration_duration": {
            "avg": 1505.912590476191,
            "min": 1437.5474,
            "med": 1460.5428499999998,
            "max": 2229.5711,
            "p(90)": 1554.31184,
            "p(95)": 1710.1072149999993
        },
        "data_sent": {
            "count": 46124,
            "rate": 885.3771785482515
        },
        "checks": {
            "fails": 0,
            "passes": 841,
            "thresholds": {
                "rate>0.95": false
            },
            "value": 1
        },
        "http_req_duration": {
            "p(95)": 567.1003000000001,
            "avg": 477.6695835294121,
            "min": 436.8646,
            "med": 457.8029,
            "max": 978.874,
            "p(90)": 503.17128,
            "thresholds": {
                "p(95)<3000": false
            }
        }
    },
    "setup_data": {
        "sessionCookie": "__Secure-better-auth.session_token=tQKqcf6LyvO8ZltoWAQxMW5ZGi9Lnaie.gV%2BZGnWv1k%2BZsYMvvPm1ah2RpTfpEPJTKddNGI8AFo4%3D",
        "token": "tQKqcf6LyvO8ZltoWAQxMW5ZGi9Lnaie",
        "userId": "mHe2a4J4yxEBTzW2M0lhSliJzoeRclIx"
    },
    "root_group": {
        "checks": {
            "✅ Create User status is 200": {
                "name": "✅ Create User status is 200",
                "path": "::✅ Create User status is 200",
                "id": "1afcb8ffb97de0042b15434589c8c74d",
                "passes": 84,
                "fails": 0
            },
            "✅ Response has user object": {
                "name": "✅ Response has user object",
                "path": "::✅ Response has user object",
                "id": "5c7f2b6b8b872d2e9dd3e6261499ac2e",
                "passes": 84,
                "fails": 0
            },
            "✅ User has ID field": {
                "name": "✅ User has ID field",
                "path": "::✅ User has ID field",
                "id": "54f76e3975fa932ae6be3a7e628cf71d",
                "passes": 84,
                "fails": 0
            },
            "✅ User email matches request": {
                "name": "✅ User email matches request",
                "path": "::✅ User email matches request",
                "id": "5030fb22a471d298a619ba779b77a815",
                "passes": 84,
                "fails": 0
            },
            "✅ User name matches request": {
                "name": "✅ User name matches request",
                "path": "::✅ User name matches request",
                "id": "7b79130807f76f3de350f49012fbda7c",
                "passes": 84,
                "fails": 0
            },
            "✅ User role is set correctly": {
                "name": "✅ User role is set correctly",
                "path": "::✅ User role is set correctly",
                "id": "fe928c112cfb09b313a4cb181c799a1f",
                "passes": 84,
                "fails": 0
            },
            "✅ User ID format is valid": {
                "name": "✅ User ID format is valid",
                "path": "::✅ User ID format is valid",
                "id": "f93475207b262c58d68191669b0ef0b2",
                "passes": 84,
                "fails": 0
            },
            "✅ User email format is valid": {
                "name": "✅ User email format is valid",
                "path": "::✅ User email format is valid",
                "id": "1fc0216ce0f1a6f8a1cbbe85edb620d3",
                "passes": 84,
                "fails": 0
            },
            "✅ User has timestamps": {
                "name": "✅ User has timestamps",
                "path": "::✅ User has timestamps",
                "id": "3ef5f3041872facd78bf2089566d818b",
                "passes": 84,
                "fails": 0
            },
            "✅ User role is valid": {
                "path": "::✅ User role is valid",
                "id": "dc17da2dd65bad1205f330e8a551fedd",
                "passes": 84,
                "fails": 0,
                "name": "✅ User role is valid"
            }
        },
        "name": "",
        "path": "",
        "id": "d41d8cd98f00b204e9800998ecf8427e",
        "groups": {
            "setup": {
                "name": "setup",
                "path": "::setup",
                "id": "5c0f8025f7e0b6654089e5b00e950f1a",
                "groups": {},
                "checks": {
                        "✅ Login status is 200": {
                            "path": "::setup::✅ Login status is 200",
                            "id": "ef5748235dba7417d2a94f2e9e0282c6",
                            "passes": 1,
                            "fails": 0,
                            "name": "✅ Login status is 200"
                        }
                    }
            }
        }
    }
}