{
    "metrics": {
        "http_req_duration": {
            "med": 459.5564,
            "max": 786.5867,
            "p(90)": 780.97336,
            "p(95)": 781.62311,
            "avg": 524.5516208955224,
            "min": 268.651,
            "thresholds": {
                "p(95)<3000": false
            }
        },
        "data_sent": {
            "count": 472317,
            "rate": 14373.496316848818
        },
        "user_updates": {
            "count": 33,
            "rate": 1.0042521832921767,
            "thresholds": {
                "count>0": false
            }
        },
        "http_req_connecting": {
            "avg": 15.17006119402985,
            "min": 0,
            "med": 0,
            "max": 259.5687,
            "p(90)": 0,
            "p(95)": 173.34995999999893
        },
        "http_req_tls_handshaking": {
            "avg": 30.671726865671644,
            "min": 0,
            "med": 0,
            "max": 522.8399,
            "p(90)": 0,
            "p(95)": 355.8667699999978
        },
        "data_received": {
            "count": 2213743,
            "rate": 67368.37093932646
        },
        "successful_requests": {
            "passes": 33,
            "fails": 0,
            "thresholds": {
                "rate>0.95": false
            },
            "value": 1
        },
        "vus_max": {
            "value": 3,
            "min": 3,
            "max": 3
        },
        "http_req_sending": {
            "avg": 0.12141492537313434,
            "min": 0,
            "med": 0,
            "max": 2.0942,
            "p(90)": 0.3876199999999997,
            "p(95)": 0.5984299999999999
        },
        "http_req_receiving": {
            "med": 0.6317,
            "max": 513.0127,
            "p(90)": 512.5898,
            "p(95)": 512.89825,
            "avg": 227.3755701492538,
            "min": 0
        },
        "http_req_blocked": {
            "max": 782.8325,
            "p(90)": 0.013599999999999952,
            "p(95)": 532.1763199999967,
            "avg": 45.92390597014925,
            "min": 0,
            "med": 0
        },
        "http_req_waiting": {
            "min": 261.9861,
            "med": 273.5311,
            "max": 527.1367,
            "p(90)": 361.1586199999998,
            "p(95)": 516.24219,
            "avg": 297.0546358208956
        },
        "api_failures": {
            "count": 0,
            "rate": 0,
            "thresholds": {
                "count<5": false
            }
        },
        "vus": {
            "value": 1,
            "min": 0,
            "max": 3
        },
        "http_req_duration{expected_response:true}": {
            "avg": 524.5516208955224,
            "min": 268.651,
            "med": 459.5564,
            "max": 786.5867,
            "p(90)": 780.97336,
            "p(95)": 781.62311
        },
        "iterations": {
            "rate": 1.0042521832921767,
            "count": 33
        },
        "checks": {
            "passes": 67,
            "fails": 0,
            "thresholds": {
                "rate>0.95": false
            },
            "value": 1
        },
        "http_reqs": {
            "count": 67,
            "rate": 2.0389362509265405
        },
        "http_req_failed": {
            "fails": 67,
            "passes": 0,
            "value": 0
        },
        "iteration_duration": {
            "p(90)": 2069.8347599999997,
            "p(95)": 2819.73868,
            "avg": 2125.2110818181823,
            "min": 2032.9918,
            "med": 2056.0101,
            "max": 2867.3402
        }
    },
    "setup_data": {
        "userId": "mHe2a4J4yxEBTzW2M0lhSliJzoeRclIx",
        "sessionCookie": "__Secure-better-auth.session_token=4LSotZA41o1ashxKJuXzZ7UmGKwjwCNl.t57u4K40i0s56%2B9a%2B8RisIw1aTWoHwDAmhZK3BWECmA%3D",
        "token": "4LSotZA41o1ashxKJuXzZ7UmGKwjwCNl"
    },
    "root_group": {
        "path": "",
        "id": "d41d8cd98f00b204e9800998ecf8427e",
        "groups": {
            "setup": {
                "name": "setup",
                "path": "::setup",
                "id": "5c0f8025f7e0b6654089e5b00e950f1a",
                "groups": {},
                "checks": {
                        "✅ Login status is 200": {
                            "name": "✅ Login status is 200",
                            "path": "::setup::✅ Login status is 200",
                            "id": "ef5748235dba7417d2a94f2e9e0282c6",
                            "passes": 1,
                            "fails": 0
                        }
                    }
            }
        },
        "checks": {
            "✅ Admin edit-user status is 200": {
                "path": "::✅ Admin edit-user status is 200",
                "id": "1b373af2cb092bed56aa1771a5f41a25",
                "passes": 33,
                "fails": 0,
                "name": "✅ Admin edit-user status is 200"
            },
            "✅ Response received": {
                "name": "✅ Response received",
                "path": "::✅ Response received",
                "id": "b807dfc05e33039721048b7326be5332",
                "passes": 33,
                "fails": 0
            }
        },
        "name": ""
    }
}