{
    "metrics": {
        "vus": {
            "value": 1,
            "min": 0,
            "max": 3
        },
        "vus_max": {
            "value": 3,
            "min": 3,
            "max": 3
        },
        "http_req_duration{expected_response:true}": {
            "avg": 1130.4711227272728,
            "min": 256.6022,
            "med": 260.34895,
            "max": 27703.8903,
            "p(90)": 1041.3038900000004,
            "p(95)": 1952.6884600000017
        },
        "http_req_connecting": {
            "min": 0,
            "med": 0,
            "max": 249.3915,
            "p(90)": 0,
            "p(95)": 248.24292,
            "avg": 22.609620454545453
        },
        "http_reqs": {
            "count": 44,
            "rate": 0.7224875513055036
        },
        "http_req_blocked": {
            "avg": 117.62550909090909,
            "min": 0,
            "med": 0,
            "max": 2829.8034,
            "p(90)": 0,
            "p(95)": 750.168935
        },
        "http_req_waiting": {
            "p(95)": 1952.3017250000012,
            "avg": 1130.0801499999998,
            "min": 256.4811,
            "med": 260.14755,
            "max": 27703.7181,
            "p(90)": 1040.7598800000005
        },
        "http_req_receiving": {
            "p(95)": 0.683395,
            "avg": 0.3244636363636363,
            "min": 0,
            "med": 0.37129999999999996,
            "max": 1.189,
            "p(90)": 0.6432200000000002
        },
        "http_req_failed": {
            "passes": 0,
            "fails": 44,
            "value": 0
        },
        "checks": {
            "passes": 516,
            "fails": 1,
            "thresholds": {
                "rate>0.95": false
            },
            "value": 0.9980657640232108
        },
        "rsc_response_time": {
            "count": 24385,
            "rate": 400.40588496783414
        },
        "http_req_sending": {
            "avg": 0.0665090909090909,
            "min": 0,
            "med": 0,
            "max": 2.1651,
            "p(90)": 0,
            "p(95)": 0.3096550000000005
        },
        "data_received": {
            "count": 116574,
            "rate": 1914.1650864974492
        },
        "http_req_duration": {
            "p(90)": 1041.3038900000004,
            "p(95)": 1952.6884600000017,
            "avg": 1130.4711227272728,
            "min": 256.6022,
            "med": 260.34895,
            "max": 27703.8903,
            "thresholds": {
                "p(95)<3000": false
            }
        },
        "successful_requests": {
            "passes": 43,
            "fails": 0,
            "thresholds": {
                "rate>0.95": false
            },
            "value": 1
        },
        "http_req_tls_handshaking": {
            "avg": 94.89441590909091,
            "min": 0,
            "med": 0,
            "max": 2575.9133,
            "p(90)": 0,
            "p(95)": 501.147935
        },
        "iteration_duration": {
            "p(95)": 2379.7156699999996,
            "avg": 1568.0456023255813,
            "min": 1257.3932,
            "med": 1261.5286,
            "max": 6403.0508,
            "p(90)": 2072.81548
        },
        "data_sent": {
            "count": 33165,
            "rate": 544.5749917965232
        },
        "iterations": {
            "count": 43,
            "rate": 0.706067379684924
        },
        "api_failures": {
            "count": 0,
            "rate": 0,
            "thresholds": {
                "count<5": false
            }
        },
        "task_detail_requests": {
            "count": 43,
            "rate": 0.706067379684924
        }
    },
    "setup_data": {
        "userEmail": "testprovider@gmail.com",
        "userId": "yEkCmDnrgxxxwwqAtqQe9pIXWoF8QgT8",
        "userRole": null,
        "sessionCookie": "__Secure-better-auth.session_token=ObJnABZ93vEqwnCpN2QvaFvexVtNT3dD.KF653FTHmFl6ZuNg8lXMJlp%2FePYXUJXCfgjXnuBlEPw%3D",
        "taskIds": [
            "jh7bcj36tx9sexa68sh6yaca397v59s1",
            "jh76vbcg78q2eg65v2dejhsnf57s2m6t",
            "jh70pfdnsftebg49xdf4985fg97s22ns"
        ],
        "token": "ObJnABZ93vEqwnCpN2QvaFvexVtNT3dD"
    },
    "root_group": {
        "checks": {
            "✅ Task Detail RSC status is 200": {
                "name": "✅ Task Detail RSC status is 200",
                "path": "::✅ Task Detail RSC status is 200",
                "id": "f83510807dcab0804dc0cc2267c7951d",
                "passes": 43,
                "fails": 0
            },
            "✅ Response contains RSC format": {
                "name": "✅ Response contains RSC format",
                "path": "::✅ Response contains RSC format",
                "id": "230a898fa9dfa0dbed1233df591ab3bd",
                "passes": 43,
                "fails": 0
            },
            "✅ Response includes task ID": {
                "id": "fbfb70dd802fba25ac616ce640c10c57",
                "passes": 43,
                "fails": 0,
                "name": "✅ Response includes task ID",
                "path": "::✅ Response includes task ID"
            },
            "✅ Response has loading state": {
                "id": "3b1df386081b2701e3031640b2ca9d0a",
                "passes": 43,
                "fails": 0,
                "name": "✅ Response has loading state",
                "path": "::✅ Response has loading state"
            },
            "✅ Response includes metadata": {
                "fails": 0,
                "name": "✅ Response includes metadata",
                "path": "::✅ Response includes metadata",
                "id": "1e0a05ae2ec00a8f6fddd64f550d6c8a",
                "passes": 43
            },
            "✅ Response has task detail component": {
                "name": "✅ Response has task detail component",
                "path": "::✅ Response has task detail component",
                "id": "80be37495745ef53403c7949e2e5feb1",
                "passes": 43,
                "fails": 0
            },
            "✅ Response time under 3s": {
                "id": "19037091d6024770979a95a8e1d7234c",
                "passes": 42,
                "fails": 1,
                "name": "✅ Response time under 3s",
                "path": "::✅ Response time under 3s"
            },
            "✅ Contains task ID in response": {
                "path": "::✅ Contains task ID in response",
                "id": "1adff50440f5f5b842d57be871d05ea3",
                "passes": 43,
                "fails": 0,
                "name": "✅ Contains task ID in response"
            },
            "✅ Has task detail component structure": {
                "fails": 0,
                "name": "✅ Has task detail component structure",
                "path": "::✅ Has task detail component structure",
                "id": "87b3d7dbfbb6757f5246c3ce13a88a95",
                "passes": 43
            },
            "✅ Has suspense boundary": {
                "name": "✅ Has suspense boundary",
                "path": "::✅ Has suspense boundary",
                "id": "97ab9fb7ecdb73e4ec3c332112ac320d",
                "passes": 43,
                "fails": 0
            },
            "✅ Has metadata components": {
                "name": "✅ Has metadata components",
                "path": "::✅ Has metadata components",
                "id": "300dca736968c1f1d80f2085c3b255ea",
                "passes": 43,
                "fails": 0
            },
            "✅ Proper RSC content type": {
                "id": "9bcaab0858bd88d1284a44cd4826b85e",
                "passes": 43,
                "fails": 0,
                "name": "✅ Proper RSC content type",
                "path": "::✅ Proper RSC content type"
            }
        },
        "name": "",
        "path": "",
        "id": "d41d8cd98f00b204e9800998ecf8427e",
        "groups": {
            "setup": {
                "name": "setup",
                "path": "::setup",