{
    "root_group": {
        "groups": {
            "setup": {
                "id": "5c0f8025f7e0b6654089e5b00e950f1a",
                "groups": {},
                "checks": {
                        "✅ Provider Login status is 200": {
                            "name": "✅ Provider Login status is 200",
                            "path": "::setup::✅ Provider Login status is 200",
                            "id": "f25c9fe94ac5469c04c6fa8b42466767",
                            "passes": 1,
                            "fails": 0
                        }
                    },
                "name": "setup",
                "path": "::setup"
            }
        },
        "checks": {},
        "name": "",
        "path": "",
        "id": "d41d8cd98f00b204e9800998ecf8427e"
    },
    "metrics": {
        "http_req_duration": {
            "avg": 5333.8037,
            "min": 5333.8037,
            "med": 5333.8037,
            "max": 5333.8037,
            "p(90)": 5333.8037,
            "p(95)": 5333.8037,
            "thresholds": {
                "p(95)<3000": true
            }
        },
        "http_reqs": {
            "count": 1,
            "rate": 0.021192687177611944
        },
        "http_req_tls_handshaking": {
            "min": 1591.8221,
            "med": 1591.8221,
            "max": 1591.8221,
            "p(90)": 1591.8221,
            "p(95)": 1591.8221,
            "avg": 1591.8221
        },
        "http_req_receiving": {
            "p(90)": 0.3638,
            "p(95)": 0.3638,
            "avg": 0.3638,
            "min": 0.3638,
            "med": 0.3638,
            "max": 0.3638
        },
        "api_failures": {
            "count": 0,
            "rate": 0,
            "thresholds": {
                "count<5": false
            }
        },
        "successful_requests": {
            "passes": 0,
            "fails": 0,
            "thresholds": {
                "rate>0.95": false
            },
            "value": 0
        },
        "http_req_connecting": {
            "med": 250.2241,
            "max": 250.2241,
            "p(90)": 250.2241,
            "p(95)": 250.2241,
            "avg": 250.2241,
            "min": 250.2241
        },
        "http_req_failed": {
            "passes": 0,
            "fails": 1,
            "value": 0
        },
        "data_received": {
            "rate": 215.0845821655836,
            "count": 10149
        },
        "http_req_waiting": {
            "avg": 5333.0789,
            "min": 5333.0789,
            "med": 5333.0789,
            "max": 5333.0789,
            "p(90)": 5333.0789,
            "p(95)": 5333.0789
        },
        "vus": {
            "max": 3,
            "value": 1,
            "min": 0
        },
        "vus_max": {
            "value": 3,
            "min": 3,
            "max": 3
        },
        "data_sent": {
            "count": 5065,
            "rate": 107.3409605546045
        },
        "http_req_duration{expected_response:true}": {
            "avg": 5333.8037,
            "min": 5333.8037,
            "med": 5333.8037,
            "max": 5333.8037,
            "p(90)": 5333.8037,
            "p(95)": 5333.8037
        },
        "checks": {
            "passes": 1,
            "fails": 0,
            "thresholds": {
                "rate>0.95": false
            },
            "value": 1
        },
        "http_req_sending": {
            "avg": 0.361,
            "min": 0.361,
            "med": 0.361,
            "max": 0.361,
            "p(90)": 0.361,
            "p(95)": 0.361
        },
        "http_req_blocked": {
            "max": 1847.7532,
            "p(90)": 1847.7532,
            "p(95)": 1847.7532,
            "avg": 1847.7532,
            "min": 1847.7532,
            "med": 1847.7532
        }
    },
    "setup_data": {
        "sessionCookie": "__Secure-better-auth.session_token=lfWRnRC61Z2I6HF8UDgyqEX6N6v1QPLH.AB7W4BUuP80f8mdxGk%2BUACt%2FcZBQZVrnrQDaILFcILw%3D",
        "token": "lfWRnRC61Z2I6HF8UDgyqEX6N6v1QPLH",
        "userEmail": "testprovider@gmail.com",
        "userId": "yEkCmDnrgxxxwwqAtqQe9pIXWoF8QgT8",
        "userRole": null
    }
}