{
    "metrics": {
        "http_req_waiting": {
            "med": 447.7721,
            "max": 543.1646,
            "p(90)": 524.25524,
            "p(95)": 525.1264699999999,
            "avg": 396.67419024390244,
            "min": 264.833
        },
        "vus_max": {
            "value": 3,
            "min": 3,
            "max": 3
        },
        "http_reqs": {
            "count": 123,
            "rate": 2.3257359431186555
        },
        "data_sent": {
            "count": 444642,
            "rate": 8407.478709107034
        },
        "http_req_blocked": {
            "avg": 38.24084227642277,
            "min": 0,
            "med": 0,
            "max": 2396.7581,
            "p(90)": 0,
            "p(95)": 0
        },
        "http_req_failed": {
            "passes": 0,
            "fails": 123,
            "value": 0
        },
        "data_received": {
            "count": 3231217,
            "rate": 61097.215584683196
        },
        "http_req_tls_handshaking": {
            "med": 0,
            "max": 2140.9151,
            "p(90)": 0,
            "p(95)": 0,
            "avg": 29.974636585365854,
            "min": 0
        },
        "successful_requests": {
            "passes": 61,
            "fails": 0,
            "thresholds": {
                "rate>0.95": false
            },
            "value": 1
        },
        "iteration_duration": {
            "avg": 2114.6568983606558,
            "min": 2019.0764,
            "med": 2053.2448,
            "max": 4462.3787,
            "p(90)": 2072.3351,
            "p(95)": 2082.0376
        },
        "http_req_duration": {
            "avg": 522.6270146341463,
            "min": 264.8768,
            "med": 447.7721,
            "max": 800.4579,
            "p(90)": 781.5579399999999,
            "p(95)": 782.99808,
            "thresholds": {
                "p(95)<3000": false
            }
        },
        "checks": {
            "passes": 123,
            "fails": 0,
            "thresholds": {
                "rate>0.95": false
            },
            "value": 1
        },
        "http_req_receiving": {
            "p(90)": 257.29302,
            "p(95)": 257.42333,
            "avg": 125.82727560975607,
            "min": 0,
            "med": 1.2951,
            "max": 263.6064
        },
        "api_failures": {
            "count": 0,
            "rate": 0,
            "thresholds": {
                "count<5": false
            }
        },
        "http_req_duration{expected_response:true}": {
            "avg": 522.6270146341463,
            "min": 264.8768,
            "med": 447.7721,
            "max": 800.4579,
            "p(90)": 781.5579399999999,
            "p(95)": 782.99808
        },
        "user_updates": {
            "count": 61,
            "rate": 1.153413760408439,
            "thresholds": {
                "count>0": false
            }
        },
        "http_req_connecting": {
            "avg": 8.192598373983738,
            "min": 0,
            "med": 0,
            "max": 259.5724,
            "p(90)": 0,
            "p(95)": 0
        },
        "vus": {
            "min": 0,
            "max": 3,
            "value": 1
        },
        "http_req_sending": {
            "max": 2.4094,
            "p(90)": 0.52838,
            "p(95)": 0.5582599999999999,
            "avg": 0.12554878048780488,
            "min": 0,
            "med": 0
        },
        "iterations": {
            "count": 61,
            "rate": 1.153413760408439
        }
    },
    "setup_data": {
        "sessionCookie": "__Secure-better-auth.session_token=HXvZioodDDez1DPB0drdm9k8BVumyp2H.UHRhQZss7odrcWoYyHSM49QMUd8GeLVzUkSx4PscDFA%3D",
        "token": "HXvZioodDDez1DPB0drdm9k8BVumyp2H",
        "userId": "mHe2a4J4yxEBTzW2M0lhSliJzoeRclIx"
    },
    "root_group": {
        "id": "d41d8cd98f00b204e9800998ecf8427e",
        "groups": {
            "setup": {
                "groups": {},
                "checks": {
                        "✅ Login status is 200": {
                            "name": "✅ Login status is 200",
                            "path": "::setup::✅ Login status is 200",
                            "id": "ef5748235dba7417d2a94f2e9e0282c6",
                            "passes": 1,
                            "fails": 0
                        }
                    },
                "name": "setup",
                "path": "::setup",
                "id": "5c0f8025f7e0b6654089e5b00e950f1a"
            }
        },
        "checks": {
            "✅ Admin edit-user status is 200": {
                "name": "✅ Admin edit-user status is 200",
                "path": "::✅ Admin edit-user status is 200",
                "id": "1b373af2cb092bed56aa1771a5f41a25",
                "passes": 61,
                "fails": 0
            },
            "✅ Response received": {
                "id": "b807dfc05e33039721048b7326be5332",
                "passes": 61,
                "fails": 0,
                "name": "✅ Response received",
                "path": "::✅ Response received"
            }
        },
        "name": "",
        "path": ""
    }
}