{
    "metrics": {
        "http_req_duration": {
            "avg": 58.4417188125,
            "min": 47.665838,
            "med": 50.6593915,
            "max": 295.872571,
            "p(90)": 55.4251382,
            "p(95)": 64.9094978,
            "thresholds": {
                "p(95)<3000": false
            }
        },
        "successful_requests": {
            "fails": 0,
            "passes": 63,
            "thresholds": {
                "rate>0.95": false
            },
            "value": 1
        },
        "data_received": {
            "count": 2199546,
            "rate": 70667.85939348386
        },
        "http_req_connecting": {
            "avg": 0.9934826406250001,
            "min": 0,
            "med": 0,
            "max": 16.139793,
            "p(90)": 0,
            "p(95)": 13.318002299999911
        },
        "http_req_sending": {
            "p(95)": 0.04480819999999999,
            "avg": 0.029761140625,
            "min": 0.019195,
            "med": 0.0263245,
            "max": 0.080944,
            "p(90)": 0.041394900000000005
        },
        "http_req_waiting": {
            "p(90)": 55.1214204,
            "p(95)": 64.46957125,
            "avg": 58.119385765624976,
            "min": 47.392988,
            "med": 50.278636,
            "max": 295.576137
        },
        "http_req_tls_handshaking": {
            "max": 35.359734,
            "p(90)": 0,
            "p(95)": 27.650567149999816,
            "avg": 2.103486625,
            "min": 0,
            "med": 0
        },
        "vus": {
            "value": 1,
            "min": 1,
            "max": 3
        },
        "vus_max": {
            "value": 3,
            "min": 3,
            "max": 3
        },
        "http_req_receiving": {
            "p(95)": 0.5319144999999996,
            "avg": 0.29257190625,
            "min": 0.094767,
            "med": 0.25348899999999996,
            "max": 1.269769,
            "p(90)": 0.4282647
        },
        "filtered_tasks_count": {
            "count": 189,
            "rate": 6.0722646516001255
        },
        "api_failures": {
            "count": 0,
            "rate": 0,
            "thresholds": {
                "count<5": false
            }
        },
        "http_req_duration{expected_response:true}": {
            "avg": 58.4417188125,
            "min": 47.665838,
            "med": 50.6593915,
            "max": 295.872571,
            "p(90)": 55.4251382,
            "p(95)": 64.9094978
        },
        "priority_tasks_count": {
            "count": 189,
            "rate": 6.0722646516001255
        },
        "http_reqs": {
            "count": 64,
            "rate": 2.0562166016000423
        },
        "data_sent": {
            "count": 53810,
            "rate": 1728.8283645640356
        },
        "iteration_duration": {
            "avg": 1058.9816721111108,
            "min": 1048.926037,
            "med": 1051.936644,
            "max": 1346.813072,
            "p(90)": 1061.5914742,
            "p(95)": 1068.3231807
        },
        "iterations": {
            "rate": 2.024088217200042,
            "count": 63
        },
        "http_req_blocked": {
            "p(90)": 0.006894,
            "p(95)": 41.02474589999972,
            "avg": 3.132073999999999,
            "min": 0.002976,
            "med": 0.004834,
            "max": 52.813784
        },
        "rsc_response_time": {
            "count": 3646,
            "rate": 117.14008952240242
        },
        "checks": {
            "passes": 820,
            "fails": 0,
            "thresholds": {
                "rate>0.95": false
            },
            "value": 1
        },
        "http_req_failed": {
            "passes": 0,
            "fails": 64,
            "value": 0
        }
    },
    "setup_data": {
        "sessionCookie": "__Secure-better-auth.session_token=OrYZnOACfMzaQDP744dKI5gSDjxoUtUI.AXensDK%2F0bfyim7nfqpoB%2BObosbos6aGpb87lG0555M%3D",
        "token": "OrYZnOACfMzaQDP744dKI5gSDjxoUtUI",
        "userEmail": "testprovider@gmail.com",
        "userId": "yEkCmDnrgxxxwwqAtqQe9pIXWoF8QgT8",
        "userRole": null
    },
    "root_group": {
        "name": "",
        "path": "",
        "id": "d41d8cd98f00b204e9800998ecf8427e",
        "groups": {
            "setup": {
                "path": "::setup",
                "id": "5c0f8025f7e0b6654089e5b00e950f1a",
                "groups": {},
                "checks": {
                        "✅ Provider Login status is 200": {
                            "name": "✅ Provider Login status is 200",
                            "path": "::setup::✅ Provider Login status is 200",
                            "id": "f25c9fe94ac5469c04c6fa8b42466767",
                            "passes": 1,
                            "fails": 0
                        }
                    },
                "name": "setup"
            }
        },
        "checks": {
            "✅ Priority-Filtered RSC status is 200": {
                "path": "::✅ Priority-Filtered RSC status is 200",
                "id": "604291d2b1adbcae6dd72902ff6cd3da",
                "passes": 63,
                "fails": 0,
                "name": "✅ Priority-Filtered RSC status is 200"
            },
            "✅ Response contains RSC format": {
                "name": "✅ Response contains RSC format",
                "path": "::✅ Response contains RSC format",
                "id": "230a898fa9dfa0dbed1233df591ab3bd",
                "passes": 63,
                "fails": 0
            },
            "✅ Response includes priority filter": {
                "id": "db875bec7ed5f55406d35498c9252670",
                "passes": 63,
                "fails": 0,
                "name": "✅ Response includes priority filter",
                "path": "::✅ Response includes priority filter"
            },
            "✅ Response has Medium priority tasks": {
                "id": "eeeb091d9a584bf608f59c4c46aeffbc",
                "passes": 63,
                "fails": 0,
                "name": "✅ Response has Medium priority tasks",
                "path": "::✅ Response has Medium priority tasks"
            },
            "✅ Response includes task data": {
                "name": "✅ Response includes task data",
                "path": "::✅ Response includes task data",
                "id": "cfb7f1abc645032f78620942be4508ad",
                "passes": 63,
                "fails": 0
            },
            "✅ Response has priority counts": {
                "name": "✅ Response has priority counts",
                "path": "::✅ Response has priority counts",
                "id": "9eb9a2ad258f8d55ee40f689a03c55a0",
                "passes": 63,
                "fails": 0
            },
            "✅ Response time under 3s": {
                "name": "✅ Response time under 3s",
                "path": "::✅ Response time under 3s",
                "id": "19037091d6024770979a95a8e1d7234c",
                "passes": 63,
                "fails": 0
            },
            "✅ Contains loading skeleton": {
                "fails": 0,
                "name": "✅ Contains loading skeleton",
                "path": "::✅ Contains loading skeleton",
                "id": "32a24c641c24883a917a6b14bf6637a8",
                "passes": 63
            },
            "✅ Contains priority-filtered task data": {
                "path": "::✅ Contains priority-filtered task data",
                "id": "1bea9149c427b3e3307ebe994c90c4b4",
                "passes": 63,
                "fails": 0,
                "name": "✅ Contains priority-filtered task data"
            },
            "✅ Contains provider data": {
                "name": "✅ Contains provider data",
                "path": "::✅ Contains provider data",
                "id": "a0f7a10f6f324a2087f9d8769b2d1250",
                "passes": 63,
                "fails": 0
            },