{
    "metrics": {
        "checks": {
            "passes": 568,
            "fails": 0,
            "thresholds": {
                "rate>0.95": false
            },
            "value": 1
        },
        "http_req_duration": {
            "avg": 59.08580353125001,
            "min": 48.092525,
            "med": 50.35745,
            "max": 364.302681,
            "p(90)": 54.632308,
            "p(95)": 56.62742064999999,
            "thresholds": {
                "p(95)<3000": false
            }
        },
        "http_req_tls_handshaking": {
            "med": 0,
            "max": 35.291343,
            "p(90)": 0,
            "p(95)": 27.542767599999816,
            "avg": 2.0961049843749997,
            "min": 0
        },
        "rsc_response_time": {
            "count": 3709,
            "rate": 118.99634090053581
        },
        "vus_max": {
            "min": 3,
            "max": 3,
            "value": 3
        },
        "api_failures": {
            "count": 0,
            "rate": 0,
            "thresholds": {
                "count<5": false
            }
        },
        "http_reqs": {
            "count": 64,
            "rate": 2.053320522414207
        },
        "successful_requests": {
            "fails": 0,
            "passes": 63,
            "thresholds": {
                "rate>0.95": false
            },
            "value": 1
        },
        "http_req_blocked": {
            "max": 52.67922,
            "p(90)": 0.006379,
            "p(95)": 40.85927259999973,
            "avg": 3.120083890625001,
            "min": 0.003486,
            "med": 0.005034
        },
        "http_req_sending": {
            "p(95)": 0.04726659999999998,
            "avg": 0.030767328125000003,
            "min": 0.018615,
            "med": 0.0266145,
            "max": 0.078397,
            "p(90)": 0.0375977
        },
        "http_req_failed": {
            "passes": 0,
            "fails": 64,
            "value": 0
        },
        "data_received": {
            "count": 2195670,
            "rate": 70443.97299139376
        },
        "http_req_connecting": {
            "avg": 0.9886771562500001,
            "min": 0,
            "med": 0,
            "max": 16.151587,
            "p(90)": 0,
            "p(95)": 13.238706649999912
        },
        "http_req_waiting": {
            "avg": 58.68891550000001,
            "min": 47.749156,
            "med": 50.194618500000004,
            "max": 364.105712,
            "p(90)": 54.3573355,
            "p(95)": 56.368728049999994
        },
        "http_req_receiving": {
            "avg": 0.3661207031250001,
            "min": 0.07479,
            "med": 0.1753655,
            "max": 9.140257,
            "p(90)": 0.4869119000000001,
            "p(95)": 0.5373323999999999
        },
        "vus": {
            "value": 1,
            "min": 1,
            "max": 3
        },
        "http_req_duration{expected_response:true}": {
            "min": 48.092525,
            "med": 50.35745,
            "max": 364.302681,
            "p(90)": 54.632308,
            "p(95)": 56.62742064999999,
            "avg": 59.08580353125001
        },
        "data_sent": {
            "rate": 1787.0305171636141,
            "count": 55700
        },
        "iterations": {
            "count": 63,
            "rate": 2.0212373892514846
        },
        "iteration_duration": {
            "min": 1049.652324,
            "med": 1051.863425,
            "max": 1414.629546,
            "p(90)": 1056.3466666,
            "p(95)": 1083.6476048,
            "avg": 1059.957488253968
        }
    },
    "setup_data": {
        "sessionCookie": "__Secure-better-auth.session_token=ZGY9likMaNRNaTTzPHr8oh877SfElHDM.6E4ZGKlF55ubb5M9A34IRUvpiMxGVoX31EV%2FNlItQJo%3D",
        "token": "ZGY9likMaNRNaTTzPHr8oh877SfElHDM",
        "userEmail": "testprovider@gmail.com",
        "userId": "yEkCmDnrgxxxwwqAtqQe9pIXWoF8QgT8",
        "userRole": null
    },
    "root_group": {
        "id": "d41d8cd98f00b204e9800998ecf8427e",
        "groups": {
            "setup": {
                "name": "setup",
                "path": "::setup",
                "id": "5c0f8025f7e0b6654089e5b00e950f1a",
                "groups": {},
                "checks": {
                        "✅ Provider Login status is 200": {
                            "id": "f25c9fe94ac5469c04c6fa8b42466767",
                            "passes": 1,
                            "fails": 0,
                            "name": "✅ Provider Login status is 200",
                            "path": "::setup::✅ Provider Login status is 200"
                        }
                    }
            }
        },
        "checks": {
            "✅ RSC status is 200": {
                "name": "✅ RSC status is 200",
                "path": "::✅ RSC status is 200",
                "id": "4147ccc7d80507f5947e997ae47438a5",
                "passes": 63,
                "fails": 0
            },
            "✅ Response contains RSC format": {
                "id": "230a898fa9dfa0dbed1233df591ab3bd",
                "passes": 63,
                "fails": 0,
                "name": "✅ Response contains RSC format",
                "path": "::✅ Response contains RSC format"
            },
            "✅ Response has React components": {
                "name": "✅ Response has React components",
                "path": "::✅ Response has React components",
                "id": "ac1980a92073698993cf28afa6cd5a4d",
                "passes": 63,
                "fails": 0
            },
            "✅ Response includes task data": {
                "name": "✅ Response includes task data",
                "path": "::✅ Response includes task data",
                "id": "cfb7f1abc645032f78620942be4508ad",
                "passes": 63,
                "fails": 0
            },
            "✅ Response time under 3s": {
                "name": "✅ Response time under 3s",
                "path": "::✅ Response time under 3s",
                "id": "19037091d6024770979a95a8e1d7234c",
                "passes": 63,
                "fails": 0
            },
            "✅ Contains loading skeleton": {
                "id": "32a24c641c24883a917a6b14bf6637a8",
                "passes": 63,
                "fails": 0,
                "name": "✅ Contains loading skeleton",
                "path": "::✅ Contains loading skeleton"
            },
            "✅ Contains actual task data": {
                "fails": 0,
                "name": "✅ Contains actual task data",
                "path": "::✅ Contains actual task data",
                "id": "d3bedd6f901ccb18dc97ccb63efeaafd",
                "passes": 63
            },
            "✅ Contains provider data": {
                "path": "::✅ Contains provider data",
                "id": "a0f7a10f6f324a2087f9d8769b2d1250",
                "passes": 63,
                "fails": 0,
                "name": "✅ Contains provider data"
            },
            "✅ Proper RSC content type": {
                "name": "✅ Proper RSC content type",
                "path": "::✅ Proper RSC content type",
                "id": "9bcaab0858bd88d1284a44cd4826b85e",
                "passes": 63,
                "fails": 0
            }
        },
        "name": "",
        "path": ""
    }
}