{
    "metrics": {
        "api_failures": {
            "rate": 0,
            "count": 0,
            "thresholds": {
                "count<5": false
            }
        },
        "http_req_duration": {
            "avg": 57.04733479687499,
            "min": 47.632308,
            "med": 49.958669,
            "max": 248.156484,
            "p(90)": 57.816005000000004,
            "p(95)": 70.88435569999992,
            "thresholds": {
                "p(95)<3000": false
            }
        },
        "http_req_duration{expected_response:true}": {
            "min": 47.632308,
            "med": 49.958669,
            "max": 248.156484,
            "p(90)": 57.816005000000004,
            "p(95)": 70.88435569999992,
            "avg": 57.04733479687499
        },
        "http_req_blocked": {
            "p(95)": 40.61441469999973,
            "avg": 3.880502140625,
            "min": 0.003126,
            "med": 0.004814000000000001,
            "max": 102.533606,
            "p(90)": 0.007329400000000004
        },
        "http_req_receiving": {
            "max": 1.004839,
            "p(90)": 0.30745670000000014,
            "p(95)": 0.3765536999999999,
            "avg": 0.20058087500000008,
            "min": 0.075752,
            "med": 0.16796
        },
        "data_received": {
            "count": 2102234,
            "rate": 67662.59492978056
        },
        "http_reqs": {
            "rate": 2.059906782739674,
            "count": 64
        },
        "http_req_connecting": {
            "p(90)": 0,
            "p(95)": 13.104060699999913,
            "avg": 1.0039904375,
            "min": 0,
            "med": 0,
            "max": 17.132375
        },
        "http_req_tls_handshaking": {
            "avg": 2.063155625,
            "min": 0,
            "med": 0,
            "max": 34.921304,
            "p(90)": 0,
            "p(95)": 27.438295799999814
        },
        "http_req_sending": {
            "p(95)": 0.05756314999999997,
            "avg": 0.04141226562499999,
            "min": 0.012954,
            "med": 0.0292095,
            "max": 0.712885,
            "p(90)": 0.042542
        },
        "data_sent": {
            "count": 54188,
            "rate": 1744.097324110898
        },
        "successful_requests": {
            "passes": 63,
            "fails": 0,
            "thresholds": {
                "rate>0.95": false
            },
            "value": 1
        },
        "http_req_failed": {
            "passes": 0,
            "fails": 64,
            "value": 0
        },
        "http_req_waiting": {
            "min": 47.456577,
            "med": 49.5120455,
            "max": 247.943187,
            "p(90)": 57.6242223,
            "p(95)": 70.77547619999991,
            "avg": 56.80534165624999
        },
        "vus": {
            "max": 3,
            "value": 1,
            "min": 1
        },
        "iteration_duration": {
            "med": 1050.855677,
            "max": 1298.697079,
            "p(90)": 1059.669336,
            "p(95)": 1077.356341,
            "avg": 1057.8131973968252,
            "min": 1048.311409
        },
        "filtered_tasks_count": {
            "count": 126,
            "rate": 4.055441478518733
        },
        "vus_max": {
            "value": 3,
            "min": 3,
            "max": 3
        },
        "rsc_response_time": {
            "count": 3580,
            "rate": 115.22603565950052
        },
        "checks": {
            "passes": 694,
            "fails": 0,
            "thresholds": {
                "rate>0.95": false
            },
            "value": 1
        },
        "iterations": {
            "count": 63,
            "rate": 2.0277207392593666
        }
    },
    "setup_data": {
        "userEmail": "testprovider@gmail.com",
        "userId": "yEkCmDnrgxxxwwqAtqQe9pIXWoF8QgT8",
        "userRole": null,
        "sessionCookie": "__Secure-better-auth.session_token=H7matn6iXN3e0SJgqc2Dn6KtWt6eAvgG.qhRqBF7HCnuPVu%2BlKe3G92vT0AZWAAdVVZK5cNdiX9k%3D",
        "token": "H7matn6iXN3e0SJgqc2Dn6KtWt6eAvgG"
    },
    "root_group": {
        "groups": {
            "setup": {
                "name": "setup",
                "path": "::setup",
                "id": "5c0f8025f7e0b6654089e5b00e950f1a",
                "groups": {},
                "checks": {
                        "✅ Provider Login status is 200": {
                            "name": "✅ Provider Login status is 200",
                            "path": "::setup::✅ Provider Login status is 200",
                            "id": "f25c9fe94ac5469c04c6fa8b42466767",
                            "passes": 1,
                            "fails": 0
                        }
                    }
            }
        },
        "checks": {
            "✅ Filtered RSC status is 200": {
                "fails": 0,
                "name": "✅ Filtered RSC status is 200",
                "path": "::✅ Filtered RSC status is 200",
                "id": "77099928e506e9901afa1b05bd981397",
                "passes": 63
            },
            "✅ Response contains RSC format": {
                "fails": 0,
                "name": "✅ Response contains RSC format",
                "path": "::✅ Response contains RSC format",
                "id": "230a898fa9dfa0dbed1233df591ab3bd",
                "passes": 63
            },
            "✅ Response includes status filter": {
                "passes": 63,
                "fails": 0,
                "name": "✅ Response includes status filter",
                "path": "::✅ Response includes status filter",
                "id": "edceea1ca6a59c96ebe34e25a86ac66b"
            },
            "✅ Response has AI Draft tasks": {
                "path": "::✅ Response has AI Draft tasks",
                "id": "4b89c06e5f2cdbd7ab4bf7c3ee0fe05f",
                "passes": 63,
                "fails": 0,
                "name": "✅ Response has AI Draft tasks"
            },
            "✅ Response includes task data": {
                "fails": 0,
                "name": "✅ Response includes task data",
                "path": "::✅ Response includes task data",
                "id": "cfb7f1abc645032f78620942be4508ad",
                "passes": 63
            },
            "✅ Response time under 3s": {
                "name": "✅ Response time under 3s",
                "path": "::✅ Response time under 3s",
                "id": "19037091d6024770979a95a8e1d7234c",
                "passes": 63,
                "fails": 0
            },
            "✅ Contains loading skeleton": {
                "name": "✅ Contains loading skeleton",
                "path": "::✅ Contains loading skeleton",
                "id": "32a24c641c24883a917a6b14bf6637a8",
                "passes": 63,
                "fails": 0
            },
            "✅ Contains filtered task data": {
                "name": "✅ Contains filtered task data",
                "path": "::✅ Contains filtered task data",
                "id": "8c8afd6fb901a354a0c398df083e46d7",
                "passes": 63,
                "fails": 0
            },
            "✅ Contains provider data": {
                "name": "✅ Contains provider data",
                "path": "::✅ Contains provider data",
                "id": "a0f7a10f6f324a2087f9d8769b2d1250",
                "passes": 63,
                "fails": 0
            },
            "✅ Has correct filter arguments": {
                "name": "✅ Has correct filter arguments",
                "path": "::✅ Has correct filter arguments",
                "id": "87fd6e4c459b6e328d1f12f47c13548c",
                "passes": 63,
                "fails": 0
            },
            "✅ Proper RSC content type": {
                "name": "✅ Proper RSC content type",
                "path": "::✅ Proper RSC content type",
                "id": "9bcaab0858bd88d1284a44cd4826b85e",
                "passes": 63,