{
    "metrics": {
        "http_req_sending": {
            "avg": 0.088536,
            "min": 0.088536,
            "med": 0.088536,
            "max": 0.088536,
            "p(90)": 0.088536,
            "p(95)": 0.088536
        },
        "successful_logins": {
            "passes": 0,
            "fails": 0,
            "thresholds": {
                "rate>0.99": false
            },
            "value": 0
        },
        "http_reqs": {
            "count": 1,
            "rate": 0.7159061725094434
        },
        "http_req_tls_handshaking": {
            "avg": 36.022039,
            "min": 36.022039,
            "med": 36.022039,
            "max": 36.022039,
            "p(90)": 36.022039,
            "p(95)": 36.022039
        },
        "http_req_blocked": {
            "max": 138.249341,
            "p(90)": 138.249341,
            "p(95)": 138.249341,
            "avg": 138.249341,
            "min": 138.249341,
            "med": 138.249341
        },
        "data_sent": {
            "count": 1895,
            "rate": 1356.6421969053954
        },
        "iteration_duration": {
            "avg": 1000.455845,
            "min": 1000.455845,
            "med": 1000.455845,
            "max": 1000.455845,
            "p(90)": 1000.455845,
            "p(95)": 1000.455845
        },
        "http_req_receiving": {
            "max": 0.158316,
            "p(90)": 0.158316,
            "p(95)": 0.158316,
            "avg": 0.158316,
            "min": 0.158316,
            "med": 0.158316
        },
        "data_received": {
            "count": 3112,
            "rate": 2227.900008849388
        },
        "login_failures": {
            "count": 0,
            "rate": 0,
            "thresholds": {
                "count<1": false
            }
        },
        "checks": {
            "passes": 3,
            "fails": 0,
            "thresholds": {
                "rate>0.99": false
            },
            "value": 1
        },
        "http_req_waiting": {
            "p(90)": 256.289814,
            "p(95)": 256.289814,
            "avg": 256.289814,
            "min": 256.289814,
            "med": 256.289814,
            "max": 256.289814
        },
        "vus_max": {
            "min": 1,
            "max": 1,
            "value": 1
        },
        "http_req_duration{expected_response:true}": {
            "avg": 256.536666,
            "min": 256.536666,
            "med": 256.536666,
            "max": 256.536666,
            "p(90)": 256.536666,
            "p(95)": 256.536666
        },
        "http_req_failed": {
            "fails": 1,
            "passes": 0,
            "value": 0
        },
        "iterations": {
            "count": 1,
            "rate": 0.7159061725094434
        },
        "http_req_duration": {
            "p(95)": 256.536666,
            "avg": 256.536666,
            "min": 256.536666,
            "med": 256.536666,
            "max": 256.536666,
            "p(90)": 256.536666,
            "thresholds": {
                "p(95)<3000": false
            }
        },
        "http_req_connecting": {
            "avg": 16.689248,
            "min": 16.689248,
            "med": 16.689248,
            "max": 16.689248,
            "p(90)": 16.689248,
            "p(95)": 16.689248
        },
        "vus": {
            "value": 1,
            "min": 1,
            "max": 1
        }
    },
    "setup_data": {
        "token": "utqp9l0TOhLtpigiKY7dHx74wjaPZ4R9",
        "user": {
            "image": null,
            "name": "Deepesh M S",
            "updatedAt": "2025-07-14T17:29:47.569Z",
            "createdAt": "2025-07-14T17:29:47.569Z",
            "email": "deepeshm@pennhealthinfo.com",
            "emailVerified": true,
            "id": "mHe2a4J4yxEBTzW2M0lhSliJzoeRclIx"
        }
    },
    "root_group": {
        "name": "",
        "path": "",
        "id": "d41d8cd98f00b204e9800998ecf8427e",
        "groups": {},
        "checks": {
                "✅ Token is present": {
                    "name": "✅ Token is present",
                    "path": "::✅ Token is present",
                    "id": "ea0637f73bc02a6521537559bf962535",
                    "passes": 1,
                    "fails": 0
                },
                "✅ User data is present": {
                    "name": "✅ User data is present",
                    "path": "::✅ User data is present",
                    "id": "828c32906626828b931e9f8c243dd059",
                    "passes": 1,
                    "fails": 0
                },
                "✅ User email matches": {
                    "fails": 0,
                    "name": "✅ User email matches",
                    "path": "::✅ User email matches",
                    "id": "235ae969e946fa097b0106042dacf9af",
                    "passes": 1
                }
            }
    }
}