{
    "metrics": {
        "successful_logins": {
            "passes": 0,
            "fails": 0,
            "thresholds": {
                "rate>0.99": false
            },
            "value": 0
        },
        "vus_max": {
            "value": 1,
            "min": 1,
            "max": 1
        },
        "http_req_connecting": {
            "max": 13.189753,
            "p(90)": 13.189753,
            "p(95)": 13.189753,
            "avg": 13.189753,
            "min": 13.189753,
            "med": 13.189753
        },
        "data_received": {
            "count": 3105,
            "rate": 2197.525648118044
        },
        "iteration_duration": {
            "med": 1000.619774,
            "max": 1000.619774,
            "p(90)": 1000.619774,
            "p(95)": 1000.619774,
            "avg": 1000.619774,
            "min": 1000.619774
        },
        "iterations": {
            "count": 1,
            "rate": 0.7077377288624941
        },
        "http_req_failed": {
            "passes": 0,
            "fails": 1,
            "value": 0
        },
        "checks": {
            "passes": 3,
            "fails": 0,
            "thresholds": {
                "rate>0.99": false
            },
            "value": 1
        },
        "http_req_tls_handshaking": {
            "max": 21.736311,
            "p(90)": 21.736311,
            "p(95)": 21.736311,
            "avg": 21.736311,
            "min": 21.736311,
            "med": 21.736311
        },
        "http_req_waiting": {
            "max": 313.25656,
            "p(90)": 313.25656,
            "p(95)": 313.25656,
            "avg": 313.25656,
            "min": 313.25656,
            "med": 313.25656
        },
        "http_req_blocked": {
            "avg": 97.08404,
            "min": 97.08404,
            "med": 97.08404,
            "max": 97.08404,
            "p(90)": 97.08404,
            "p(95)": 97.08404
        },
        "data_sent": {
            "count": 1895,
            "rate": 1341.1629961944263
        },
        "login_failures": {
            "count": 0,
            "rate": 0,
            "thresholds": {
                "count<1": false
            }
        },
        "http_reqs": {
            "count": 1,
            "rate": 0.7077377288624941
        },
        "http_req_sending": {
            "p(90)": 0.060046,
            "p(95)": 0.060046,
            "avg": 0.060046,
            "min": 0.060046,
            "med": 0.060046,
            "max": 0.060046
        },
        "vus": {
            "value": 1,
            "min": 1,
            "max": 1
        },
        "http_req_duration{expected_response:true}": {
            "avg": 313.441345,
            "min": 313.441345,
            "med": 313.441345,
            "max": 313.441345,
            "p(90)": 313.441345,
            "p(95)": 313.441345
        },
        "http_req_receiving": {
            "p(95)": 0.124739,
            "avg": 0.124739,
            "min": 0.124739,
            "med": 0.124739,
            "max": 0.124739,
            "p(90)": 0.124739
        },
        "http_req_duration": {
            "p(90)": 313.441345,
            "p(95)": 313.441345,
            "avg": 313.441345,
            "min": 313.441345,
            "med": 313.441345,
            "max": 313.441345,
            "thresholds": {
                "p(95)<3000": false
            }
        }
    },
    "setup_data": {
        "token": "6QYckpld0lPNWHdxc0Qei84GnFZOozQN",
        "user": {
            "name": "Deepesh M S",
            "updatedAt": "2025-07-14T17:29:47.569Z",
            "createdAt": "2025-07-14T17:29:47.569Z",
            "email": "deepeshm@pennhealthinfo.com",
            "emailVerified": true,
            "id": "mHe2a4J4yxEBTzW2M0lhSliJzoeRclIx",
            "image": null
        }
    },
    "root_group": {
        "name": "",
        "path": "",
        "id": "d41d8cd98f00b204e9800998ecf8427e",
        "groups": {},
        "checks": {
                "✅ Token is present": {
                    "passes": 1,
                    "fails": 0,
                    "name": "✅ Token is present",
                    "path": "::✅ Token is present",
                    "id": "ea0637f73bc02a6521537559bf962535"
                },
                "✅ User data is present": {
                    "name": "✅ User data is present",
                    "path": "::✅ User data is present",
                    "id": "828c32906626828b931e9f8c243dd059",
                    "passes": 1,
                    "fails": 0
                },
                "✅ User email matches": {
                    "fails": 0,
                    "name": "✅ User email matches",
                    "path": "::✅ User email matches",
                    "id": "235ae969e946fa097b0106042dacf9af",
                    "passes": 1
                }
            }
    }
}