{
    "metrics": {
        "vus_max": {
            "value": 3,
            "min": 3,
            "max": 3
        },
        "http_reqs": {
            "count": 64,
            "rate": 2.0777766340973733
        },
        "http_req_tls_handshaking": {
            "max": 25.7423,
            "p(90)": 0,
            "p(95)": 16.624845699999888,
            "avg": 1.4474219062500002,
            "min": 0,
            "med": 0
        },
        "http_req_connecting": {
            "p(90)": 0,
            "p(95)": 7.819462799999948,
            "avg": 0.68141740625,
            "min": 0,
            "med": 0,
            "max": 12.988761
        },
        "http_req_waiting": {
            "min": 34.149442,
            "med": 41.198604,
            "max": 261.225881,
            "p(90)": 45.3954558,
            "p(95)": 50.542993949999975,
            "avg": 47.654395906249995
        },
        "data_received": {
            "count": 2102416,
            "rate": 68255.48187425724
        },
        "http_req_failed": {
            "passes": 0,
            "fails": 64,
            "value": 0
        },
        "data_sent": {
            "count": 54188,
            "rate": 1759.2275038823198
        },
        "checks": {
            "passes": 694,
            "fails": 0,
            "thresholds": {
                "rate>0.95": false
            },
            "value": 1
        },
        "api_failures": {
            "rate": 0,
            "count": 0,
            "thresholds": {
                "count<5": false
            }
        },
        "successful_requests": {
            "passes": 63,
            "fails": 0,
            "thresholds": {
                "rate>0.95": false
            },
            "value": 1
        },
        "http_req_duration{expected_response:true}": {
            "max": 261.371832,
            "p(90)": 45.534406,
            "p(95)": 50.72816369999998,
            "avg": 47.871680953125015,
            "min": 34.371232,
            "med": 41.3949015
        },
        "vus": {
            "value": 1,
            "min": 1,
            "max": 3
        },
        "iterations": {
            "count": 63,
            "rate": 2.045311374189602
        },
        "http_req_blocked": {
            "max": 58.2151,
            "p(90)": 0.0080599,
            "p(95)": 24.603618799999836,
            "avg": 2.5604571249999992,
            "min": 0.004568,
            "med": 0.0055955
        },
        "http_req_receiving": {
            "avg": 0.18779084374999996,
            "min": 0.083899,
            "med": 0.1376905,
            "max": 0.719857,
            "p(90)": 0.3312883000000002,
            "p(95)": 0.4778903999999995
        },
        "rsc_response_time": {
            "count": 2948,
            "rate": 95.70758620811026
        },
        "http_req_duration": {
            "avg": 47.871680953125015,
            "min": 34.371232,
            "med": 41.3949015,
            "max": 261.371832,
            "p(90)": 45.534406,
            "p(95)": 50.72816369999998,
            "thresholds": {
                "p(95)<3000": false
            }
        },
        "filtered_tasks_count": {
            "count": 126,
            "rate": 4.090622748379204
        },
        "iteration_duration": {
            "p(95)": 1055.5440857,
            "avg": 1047.8710205555556,
            "min": 1035.29241,
            "med": 1042.786486,
            "max": 1301.895341,
            "p(90)": 1048.3014284
        },
        "http_req_sending": {
            "med": 0.027135,
            "max": 0.077189,
            "p(90)": 0.032123900000000004,
            "p(95)": 0.06386969999999995,
            "avg": 0.029494203124999993,
            "min": 0.017905
        }
    },
    "setup_data": {
        "userId": "yEkCmDnrgxxxwwqAtqQe9pIXWoF8QgT8",
        "userRole": null,
        "sessionCookie": "__Secure-better-auth.session_token=qeZw8REh0PmF6daFtvOGxorbW1tTFb5b.XxlBbY9AKjvqcF1pUGCepNXslzQtkVa039NHRV23%2Bfs%3D",
        "token": "qeZw8REh0PmF6daFtvOGxorbW1tTFb5b",
        "userEmail": "testprovider@gmail.com"
    },
    "root_group": {
        "checks": {
            "✅ Filtered RSC status is 200": {
                "name": "✅ Filtered RSC status is 200",
                "path": "::✅ Filtered RSC status is 200",
                "id": "77099928e506e9901afa1b05bd981397",
                "passes": 63,
                "fails": 0
            },
            "✅ Response contains RSC format": {
                "path": "::✅ Response contains RSC format",
                "id": "230a898fa9dfa0dbed1233df591ab3bd",
                "passes": 63,
                "fails": 0,
                "name": "✅ Response contains RSC format"
            },
            "✅ Response includes status filter": {
                "name": "✅ Response includes status filter",
                "path": "::✅ Response includes status filter",
                "id": "edceea1ca6a59c96ebe34e25a86ac66b",
                "passes": 63,
                "fails": 0
            },
            "✅ Response has AI Draft tasks": {
                "name": "✅ Response has AI Draft tasks",
                "path": "::✅ Response has AI Draft tasks",
                "id": "4b89c06e5f2cdbd7ab4bf7c3ee0fe05f",
                "passes": 63,
                "fails": 0
            },
            "✅ Response includes task data": {
                "fails": 0,
                "name": "✅ Response includes task data",
                "path": "::✅ Response includes task data",
                "id": "cfb7f1abc645032f78620942be4508ad",
                "passes": 63
            },
            "✅ Response time under 3s": {
                "passes": 63,
                "fails": 0,
                "name": "✅ Response time under 3s",
                "path": "::✅ Response time under 3s",
                "id": "19037091d6024770979a95a8e1d7234c"
            },
            "✅ Contains loading skeleton": {
                "name": "✅ Contains loading skeleton",
                "path": "::✅ Contains loading skeleton",
                "id": "32a24c641c24883a917a6b14bf6637a8",
                "passes": 63,
                "fails": 0
            },
            "✅ Contains filtered task data": {
                "name": "✅ Contains filtered task data",
                "path": "::✅ Contains filtered task data",
                "id": "8c8afd6fb901a354a0c398df083e46d7",
                "passes": 63,
                "fails": 0
            },
            "✅ Contains provider data": {
                "fails": 0,
                "name": "✅ Contains provider data",
                "path": "::✅ Contains provider data",
                "id": "a0f7a10f6f324a2087f9d8769b2d1250",
                "passes": 63
            },
            "✅ Has correct filter arguments": {
                "path": "::✅ Has correct filter arguments",
                "id": "87fd6e4c459b6e328d1f12f47c13548c",
                "passes": 63,
                "fails": 0,
                "name": "✅ Has correct filter arguments"
            },
            "✅ Proper RSC content type": {
                "name": "✅ Proper RSC content type",
                "path": "::✅ Proper RSC content type",
                "id": "9bcaab0858bd88d1284a44cd4826b85e",
                "passes": 63,
                "fails": 0
            }
        },
        "name": "",
        "path": "",
        "id": "d41d8cd98f00b204e9800998ecf8427e",
        "groups": {
            "setup": {
                "id": "5c0f8025f7e0b6654089e5b00e950f1a",
                "groups": {},
                "checks": {
                        "✅ Provider Login status is 200": {
                            "path": "::setup::✅ Provider Login status is 200",
                            "id": "f25c9fe94ac5469c04c6fa8b42466767",
                            "passes": 1,
                            "fails": 0,
                            "name": "✅ Provider Login status is 200"
                        }
                    },