{
    "metrics": {
        "iteration_duration": {
            "med": 1047.781846,
            "max": 1169.187011,
            "p(90)": 1087.7099532,
            "p(95)": 1094.6480476,
            "avg": 1057.6543310952381,
            "min": 1041.00359
        },
        "vus_max": {
            "value": 3,
            "min": 3,
            "max": 3
        },
        "search_operations": {
            "rate": 2.0425685767698347,
            "count": 63,
            "thresholds": {
                "count>0": false
            }
        },
        "data_sent": {
            "count": 48743,
            "rate": 1580.3320656744772
        },
        "data_received": {
            "count": 309790,
            "rate": 10043.925704722653
        },
        "http_req_failed": {
            "passes": 0,
            "fails": 64,
            "value": 0
        },
        "http_reqs": {
            "count": 64,
            "rate": 2.074990300210626
        },
        "vus": {
            "value": 1,
            "min": 1,
            "max": 3
        },
        "http_req_duration": {
            "avg": 55.315290062500004,
            "min": 40.590077,
            "med": 47.112437,
            "max": 269.086629,
            "p(90)": 75.06309710000001,
            "p(95)": 87.93577775,
            "thresholds": {
                "p(95)<3000": false
            }
        },
        "http_req_duration{expected_response:true}": {
            "avg": 55.315290062500004,
            "min": 40.590077,
            "med": 47.112437,
            "max": 269.086629,
            "p(90)": 75.06309710000001,
            "p(95)": 87.93577775
        },
        "http_req_tls_handshaking": {
            "avg": 4.109740265625,
            "min": 0,
            "med": 0,
            "max": 75.462848,
            "p(90)": 0,
            "p(95)": 52.55907509999965
        },
        "checks": {
            "passes": 230,
            "fails": 0,
            "thresholds": {
                "rate>0.95": false
            },
            "value": 1
        },
        "http_req_waiting": {
            "avg": 55.19370270312501,
            "min": 40.485752,
            "med": 47.0100305,
            "max": 268.887747,
            "p(90)": 74.8749857,
            "p(95)": 87.8036822
        },
        "successful_requests": {
            "passes": 63,
            "fails": 0,
            "thresholds": {
                "rate>0.95": false
            },
            "value": 1
        },
        "http_req_blocked": {
            "avg": 6.2074000937500005,
            "min": 0.004739,
            "med": 0.0057955,
            "max": 112.682446,
            "p(90)": 0.0090517,
            "p(95)": 78.42394929999948
        },
        "http_req_sending": {
            "p(95)": 0.05971909999999998,
            "avg": 0.03548995312500001,
            "min": 0.018265,
            "med": 0.0297655,
            "max": 0.206606,
            "p(90)": 0.04622260000000003
        },
        "api_failures": {
            "count": 0,
            "rate": 0,
            "thresholds": {
                "count<5": false
            }
        },
        "http_req_connecting": {
            "med": 0,
            "max": 37.149968,
            "p(90)": 0,
            "p(95)": 25.56324849999983,
            "avg": 1.996567125,
            "min": 0
        },
        "iterations": {
            "count": 63,
            "rate": 2.0425685767698347
        },
        "http_req_receiving": {
            "min": 0.046166,
            "med": 0.082229,
            "max": 0.218108,
            "p(90)": 0.116595,
            "p(95)": 0.12189674999999998,
            "avg": 0.08609740624999997
        }
    },
    "setup_data": {
        "userId": "mHe2a4J4yxEBTzW2M0lhSliJzoeRclIx",
        "sessionCookie": "__Secure-better-auth.session_token=DG9paOvc0weayyneJ1P0s3TTMGsKEQfo.1M8U7AtURYSRwhqOSPH4kyzwnWI8%2FWs6Ab6URctfZJs%3D",
        "token": "DG9paOvc0weayyneJ1P0s3TTMGsKEQfo"
    },
    "root_group": {
        "name": "",
        "path": "",
        "id": "d41d8cd98f00b204e9800998ecf8427e",
        "groups": {
            "setup": {
                "name": "setup",
                "path": "::setup",
                "id": "5c0f8025f7e0b6654089e5b00e950f1a",
                "groups": {},
                "checks": {
                        "✅ Login status is 200": {
                            "id": "ef5748235dba7417d2a94f2e9e0282c6",
                            "passes": 1,
                            "fails": 0,
                            "name": "✅ Login status is 200",
                            "path": "::setup::✅ Login status is 200"
                        }
                    }
            }
        },
        "checks": {
            "✅ Admin search-users status is 200": {
                "fails": 0,
                "name": "✅ Admin search-users status is 200",
                "path": "::✅ Admin search-users status is 200",
                "id": "5cad04a758b9628592a252489c58a90a",
                "passes": 63
            },
            "✅ Response has users array": {
                "name": "✅ Response has users array",
                "path": "::✅ Response has users array",
                "id": "a94bc8497824a32ee1abc462a6f27a24",
                "passes": 63,
                "fails": 0
            },
            "✅ Search response structure is valid": {
                "path": "::✅ Search response structure is valid",
                "id": "e197bc1ef037b593ef164d0c9ab09bad",
                "passes": 63,
                "fails": 0,
                "name": "✅ Search response structure is valid"
            },
            "✅ Users match search criteria": {
                "id": "4b454d58c2203e39e4e806a489d160d8",
                "passes": 40,
                "fails": 0,
                "name": "✅ Users match search criteria",
                "path": "::✅ Users match search criteria"
            }
        }
    }
}