{
    "metrics": {
        "http_req_waiting": {
            "avg": 257.1664292264151,
            "min": 221.499283,
            "med": 242.957186,
            "max": 459.302658,
            "p(90)": 307.71341540000003,
            "p(95)": 331.07696819999995
        },
        "iterations": {
            "count": 52,
            "rate": 1.696203458178954
        },
        "http_req_sending": {
            "avg": 0.03697958490566037,
            "min": 0.023935,
            "med": 0.032662,
            "max": 0.128318,
            "p(90)": 0.045239000000000015,
            "p(95)": 0.05951779999999998
        },
        "http_req_failed": {
            "passes": 0,
            "fails": 53,
            "value": 0
        },
        "iteration_duration": {
            "p(90)": 1314.0932810000002,
            "p(95)": 1347.8628353,
            "avg": 1263.9015443076923,
            "min": 1222.506531,
            "med": 1244.933169,
            "max": 1576.633835
        },
        "http_req_receiving": {
            "min": 0.055353,
            "med": 0.082424,
            "max": 0.123357,
            "p(90)": 0.10285180000000001,
            "p(95)": 0.115844,
            "avg": 0.08278430188679244
        },
        "checks": {
            "passes": 521,
            "fails": 0,
            "thresholds": {
                "rate>0.95": false
            },
            "value": 1
        },
        "http_req_tls_handshaking": {
            "avg": 5.060032094339623,
            "min": 0,
            "med": 0,
            "max": 78.768613,
            "p(90)": 0,
            "p(95)": 62.635361
        },
        "http_req_duration": {
            "med": 243.074907,
            "max": 459.432662,
            "p(90)": 307.8399438,
            "p(95)": 331.2175325999999,
            "avg": 257.2861931132076,
            "min": 221.619808,
            "thresholds": {
                "p(95)<3000": false
            }
        },
        "successful_requests": {
            "passes": 52,
            "fails": 0,
            "thresholds": {
                "rate>0.95": false
            },
            "value": 1
        },
        "http_req_duration{expected_response:true}": {
            "p(95)": 331.2175325999999,
            "avg": 257.2861931132076,
            "min": 221.619808,
            "med": 243.074907,
            "max": 459.432662,
            "p(90)": 307.8399438
        },
        "http_req_connecting": {
            "p(95)": 30.5145352,
            "avg": 2.432748698113208,
            "min": 0,
            "med": 0,
            "max": 37.246093,
            "p(90)": 0
        },
        "http_reqs": {
            "count": 53,
            "rate": 1.7288227554516262
        },
        "data_received": {
            "count": 45195,
            "rate": 1474.2291402384196
        },
        "api_failures": {
            "count": 0,
            "rate": 0,
            "thresholds": {
                "count<5": false
            }
        },
        "http_req_blocked": {
            "avg": 9.37611535849057,
            "min": 0.004409,
            "med": 0.005791,
            "max": 193.758829,
            "p(90)": 0.0074800000000000005,
            "p(95)": 93.3161082
        },
        "vus_max": {
            "value": 3,
            "min": 3,
            "max": 3
        },
        "data_sent": {
            "rate": 1114.0468597535732,
            "count": 34153
        },
        "vus": {
            "value": 1,
            "min": 1,
            "max": 3
        }
    },
    "setup_data": {
        "sessionCookie": "__Secure-better-auth.session_token=iGir9gQabu420eDJZeGYPjCbbjPffu7U.%2Byqy5ia9yhz7Oh7H6j1sjt2kHkZa6QfnX%2BwJ14EDTL8%3D",
        "token": "iGir9gQabu420eDJZeGYPjCbbjPffu7U",
        "userId": "mHe2a4J4yxEBTzW2M0lhSliJzoeRclIx"
    },
    "root_group": {
        "path": "",
        "id": "d41d8cd98f00b204e9800998ecf8427e",
        "groups": {
            "setup": {
                "id": "5c0f8025f7e0b6654089e5b00e950f1a",
                "groups": {},
                "checks": {
                        "✅ Login status is 200": {
                            "path": "::setup::✅ Login status is 200",
                            "id": "ef5748235dba7417d2a94f2e9e0282c6",
                            "passes": 1,
                            "fails": 0,
                            "name": "✅ Login status is 200"
                        }
                    },
                "name": "setup",
                "path": "::setup"
            }
        },
        "checks": {
            "✅ Create User status is 200": {
                "passes": 52,
                "fails": 0,
                "name": "✅ Create User status is 200",
                "path": "::✅ Create User status is 200",
                "id": "1afcb8ffb97de0042b15434589c8c74d"
            },
            "✅ Response has user object": {
                "name": "✅ Response has user object",
                "path": "::✅ Response has user object",
                "id": "5c7f2b6b8b872d2e9dd3e6261499ac2e",
                "passes": 52,
                "fails": 0
            },
            "✅ User has ID field": {
                "name": "✅ User has ID field",
                "path": "::✅ User has ID field",
                "id": "54f76e3975fa932ae6be3a7e628cf71d",
                "passes": 52,
                "fails": 0
            },
            "✅ User email matches request": {
                "name": "✅ User email matches request",
                "path": "::✅ User email matches request",
                "id": "5030fb22a471d298a619ba779b77a815",
                "passes": 52,
                "fails": 0
            },
            "✅ User name matches request": {
                "name": "✅ User name matches request",
                "path": "::✅ User name matches request",
                "id": "7b79130807f76f3de350f49012fbda7c",
                "passes": 52,
                "fails": 0
            },
            "✅ User role is set correctly": {
                "fails": 0,
                "name": "✅ User role is set correctly",
                "path": "::✅ User role is set correctly",
                "id": "fe928c112cfb09b313a4cb181c799a1f",
                "passes": 52
            },
            "✅ User ID format is valid": {
                "id": "f93475207b262c58d68191669b0ef0b2",
                "passes": 52,
                "fails": 0,
                "name": "✅ User ID format is valid",
                "path": "::✅ User ID format is valid"
            },
            "✅ User email format is valid": {
                "passes": 52,
                "fails": 0,
                "name": "✅ User email format is valid",
                "path": "::✅ User email format is valid",
                "id": "1fc0216ce0f1a6f8a1cbbe85edb620d3"
            },
            "✅ User has timestamps": {
                "id": "3ef5f3041872facd78bf2089566d818b",
                "passes": 52,
                "fails": 0,
                "name": "✅ User has timestamps",
                "path": "::✅ User has timestamps"
            },
            "✅ User role is valid": {
                "fails": 0,
                "name": "✅ User role is valid",
                "path": "::✅ User role is valid",
                "id": "dc17da2dd65bad1205f330e8a551fedd",
                "passes": 52
            }
        },
        "name": ""
    }
}