{
    "metrics": {
        "http_req_failed": {
            "passes": 0,
            "fails": 1,
            "value": 0
        },
        "http_req_tls_handshaking": {
            "avg": 4.769891,
            "min": 4.769891,
            "med": 4.769891,
            "max": 4.769891,
            "p(90)": 4.769891,
            "p(95)": 4.769891
        },
        "http_req_receiving": {
            "min": 0.076542,
            "med": 0.076542,
            "max": 0.076542,
            "p(90)": 0.076542,
            "p(95)": 0.076542,
            "avg": 0.076542
        },
        "http_req_blocked": {
            "p(95)": 79.363035,
            "avg": 79.363035,
            "min": 79.363035,
            "med": 79.363035,
            "max": 79.363035,
            "p(90)": 79.363035
        },
        "http_req_connecting": {
            "avg": 0.928269,
            "min": 0.928269,
            "med": 0.928269,
            "max": 0.928269,
            "p(90)": 0.928269,
            "p(95)": 0.928269
        },
        "checks": {
            "passes": 3,
            "fails": 0,
            "thresholds": {
                "rate>0.99": false
            },
            "value": 1
        },
        "vus_max": {
            "value": 1,
            "min": 1,
            "max": 1
        },
        "http_req_sending": {
            "avg": 0.052508,
            "min": 0.052508,
            "med": 0.052508,
            "max": 0.052508,
            "p(90)": 0.052508,
            "p(95)": 0.052508
        },
        "login_failures": {
            "count": 0,
            "rate": 0,
            "thresholds": {
                "count<1": false
            }
        },
        "iterations": {
            "rate": 0.7599620112317719,
            "count": 1
        },
        "http_req_duration{expected_response:true}": {
            "min": 233.692283,
            "med": 233.692283,
            "max": 233.692283,
            "p(90)": 233.692283,
            "p(95)": 233.692283,
            "avg": 233.692283
        },
        "data_sent": {
            "count": 673,
            "rate": 511.4544335589825
        },
        "http_req_duration": {
            "p(95)": 233.692283,
            "avg": 233.692283,
            "min": 233.692283,
            "med": 233.692283,
            "max": 233.692283,
            "p(90)": 233.692283,
            "thresholds": {
                "p(95)<3000": false
            }
        },
        "http_reqs": {
            "count": 1,
            "rate": 0.7599620112317719
        },
        "data_received": {
            "count": 3107,
            "rate": 2361.2019688971154
        },
        "vus": {
            "value": 1,
            "min": 1,
            "max": 1
        },
        "iteration_duration": {
            "p(95)": 1000.787154,
            "avg": 1000.787154,
            "min": 1000.787154,
            "med": 1000.787154,
            "max": 1000.787154,
            "p(90)": 1000.787154
        },
        "successful_logins": {
            "passes": 0,
            "fails": 0,
            "thresholds": {
                "rate>0.99": false
            },
            "value": 0
        },
        "http_req_waiting": {
            "avg": 233.563233,
            "min": 233.563233,
            "med": 233.563233,
            "max": 233.563233,
            "p(90)": 233.563233,
            "p(95)": 233.563233
        }
    },
    "setup_data": {
        "token": "LC42pO8wBYRrP4TMqBcfcdICDQlm1oDN",
        "user": {
            "id": "mHe2a4J4yxEBTzW2M0lhSliJzoeRclIx",
            "image": null,
            "name": "Deepesh M S",
            "updatedAt": "2025-07-14T17:29:47.569Z",
            "createdAt": "2025-07-14T17:29:47.569Z",
            "email": "deepeshm@pennhealthinfo.com",
            "emailVerified": true
        }
    },
    "root_group": {
        "name": "",
        "path": "",
        "id": "d41d8cd98f00b204e9800998ecf8427e",
        "groups": {},
        "checks": {
                "✅ Token is present": {
                    "name": "✅ Token is present",
                    "path": "::✅ Token is present",
                    "id": "ea0637f73bc02a6521537559bf962535",
                    "passes": 1,
                    "fails": 0
                },
                "✅ User data is present": {
                    "name": "✅ User data is present",
                    "path": "::✅ User data is present",
                    "id": "828c32906626828b931e9f8c243dd059",
                    "passes": 1,
                    "fails": 0
                },
                "✅ User email matches": {
                    "name": "✅ User email matches",
                    "path": "::✅ User email matches",
                    "id": "235ae969e946fa097b0106042dacf9af",
                    "passes": 1,
                    "fails": 0
                }
            }
    }
}