{
    "metrics": {
        "http_req_duration{expected_response:true}": {
            "p(95)": 132.7749718,
            "avg": 130.04866273333337,
            "min": 125.653558,
            "med": 127.5287085,
            "max": 251.727382,
            "p(90)": 131.33993
        },
        "data_sent": {
            "count": 21756,
            "rate": 701.8297762463267
        },
        "http_reqs": {
            "count": 60,
            "rate": 1.9355481970389594
        },
        "http_req_waiting": {
            "p(90)": 90.3720689,
            "p(95)": 92.18328955,
            "avg": 91.33537851666667,
            "min": 86.725635,
            "med": 88.3180155,
            "max": 251.585588
        },
        "http_req_duration": {
            "p(95)": 132.7749718,
            "avg": 130.04866273333337,
            "min": 125.653558,
            "med": 127.5287085,
            "max": 251.727382,
            "p(90)": 131.33993,
            "thresholds": {
                "p(95)<3000": false
            }
        },
        "http_req_sending": {
            "p(90)": 0.041076400000000006,
            "p(95)": 0.04736274999999999,
            "avg": 0.027391049999999997,
            "min": 0.015358,
            "med": 0.022767500000000003,
            "max": 0.117778
        },
        "vus": {
            "value": 0,
            "min": 0,
            "max": 3
        },
        "http_req_receiving": {
            "p(90)": 39.5077265,
            "p(95)": 40.55602715,
            "avg": 38.68589316666665,
            "min": 0.094777,
            "med": 39.1877075,
            "max": 43.393742
        },
        "checks": {
            "passes": 237,
            "fails": 0,
            "thresholds": {
                "rate>0.95": false
            },
            "value": 1
        },
        "vus_max": {
            "value": 3,
            "min": 3,
            "max": 3
        },
        "iterations": {
            "count": 59,
            "rate": 1.9032890604216435
        },
        "api_failures": {
            "count": 0,
            "rate": 0,
            "thresholds": {
                "count<5": false
            }
        },
        "http_req_failed": {
            "passes": 0,
            "fails": 60,
            "value": 0
        },
        "data_received": {
            "count": 2762103,
            "rate": 89103.05802809834
        },
        "http_req_connecting": {
            "avg": 2.6363368166666663,
            "min": 0,
            "med": 0,
            "max": 40.128359,
            "p(90)": 0,
            "p(95)": 38.73146395
        },
        "http_req_tls_handshaking": {
            "min": 0,
            "med": 0,
            "max": 80.783598,
            "p(90)": 0,
            "p(95)": 80.25858195,
            "avg": 5.363346683333333
        },
        "successful_requests": {
            "passes": 59,
            "fails": 0,
            "thresholds": {
                "rate>0.95": false
            },
            "value": 1
        },
        "http_req_blocked": {
            "max": 131.636114,
            "p(90)": 0.0075379999999999996,
            "p(95)": 119.95769585,
            "avg": 8.218914016666664,
            "min": 0.004258,
            "med": 0.0056655
        },
        "iteration_duration": {
            "p(90)": 1133.6169378,
            "p(95)": 1146.7526602999994,
            "avg": 1135.8192314915252,
            "min": 1126.810018,
            "med": 1129.313021,
            "max": 1258.256641
        }
    },
    "setup_data": {
        "sessionCookie": "__Secure-better-auth.session_token=ZIqCkYuH2V7CiHLblcL1JQZRoJcTw1kT.3akeU2HqHEWN%2B5KQxiUlfTsRo9tJlaUaiJztm7hHCjQ%3D",
        "token": "ZIqCkYuH2V7CiHLblcL1JQZRoJcTw1kT",
        "userId": "mHe2a4J4yxEBTzW2M0lhSliJzoeRclIx"
    },
    "root_group": {
        "id": "d41d8cd98f00b204e9800998ecf8427e",
        "groups": {
            "setup": {
                "id": "5c0f8025f7e0b6654089e5b00e950f1a",
                "groups": {},
                "checks": {
                        "✅ Login status is 200": {
                            "name": "✅ Login status is 200",
                            "path": "::setup::✅ Login status is 200",
                            "id": "ef5748235dba7417d2a94f2e9e0282c6",
                            "passes": 1,
                            "fails": 0
                        }
                    },
                "name": "setup",
                "path": "::setup"
            }
        },
        "checks": {
            "✅ Admin list-users status is 200": {
                "name": "✅ Admin list-users status is 200",
                "path": "::✅ Admin list-users status is 200",
                "id": "e2a73c1a9941630a864cde41d6df9031",
                "passes": 59,
                "fails": 0
            },
            "✅ Response has users array": {
                "name": "✅ Response has users array",
                "path": "::✅ Response has users array",
                "id": "a94bc8497824a32ee1abc462a6f27a24",
                "passes": 59,
                "fails": 0
            },
            "✅ Users array is not empty": {
                "name": "✅ Users array is not empty",
                "path": "::✅ Users array is not empty",
                "id": "bb83d36a7a4c39d1c1a3fb14203b72c7",
                "passes": 59,
                "fails": 0
            },
            "✅ First user has valid data": {
                "name": "✅ First user has valid data",
                "path": "::✅ First user has valid data",
                "id": "527b08868e1b83bb00b4a24cb5b08ec4",
                "passes": 59,
                "fails": 0
            }
        },
        "name": "",
        "path": ""
    }
}