{
    "metrics": {
        "http_req_blocked": {
            "med": 0.005921,
            "max": 129.112311,
            "p(90)": 0.007844,
            "p(95)": 93.760331,
            "avg": 7.094320262295082,
            "min": 0.004057
        },
        "http_req_failed": {
            "passes": 0,
            "fails": 61,
            "value": 0
        },
        "successful_requests": {
            "passes": 60,
            "fails": 0,
            "thresholds": {
                "rate>0.95": false
            },
            "value": 1
        },
        "iteration_duration": {
            "p(95)": 1158.1687994000001,
            "avg": 1107.3420665333329,
            "min": 1078.059386,
            "med": 1084.3359985000002,
            "max": 2052.30072,
            "p(90)": 1101.7245288
        },
        "iterations": {
            "count": 60,
            "rate": 1.9629294437556195
        },
        "data_sent": {
            "count": 53249,
            "rate": 1742.0671658423832
        },
        "http_req_tls_handshaking": {
            "p(90)": 0,
            "p(95)": 62.95507,
            "avg": 4.639126967213114,
            "min": 0,
            "med": 0,
            "max": 79.32231
        },
        "http_req_sending": {
            "p(95)": 0.058199,
            "avg": 0.03601560655737706,
            "min": 0.025739,
            "med": 0.030918,
            "max": 0.094396,
            "p(90)": 0.050424
        },
        "data_received": {
            "count": 2091563,
            "rate": 68426.50993616391
        },
        "checks": {
            "passes": 541,
            "fails": 0,
            "thresholds": {
                "rate>0.95": false
            },
            "value": 1
        },
        "vus_max": {
            "max": 3,
            "value": 3,
            "min": 3
        },
        "http_req_duration": {
            "p(90)": 95.87036,
            "p(95)": 104.547883,
            "avg": 103.19208519672132,
            "min": 77.116699,
            "med": 82.074609,
            "max": 956.444445,
            "thresholds": {
                "p(95)<3000": false
            }
        },
        "http_req_duration{expected_response:true}": {
            "max": 956.444445,
            "p(90)": 95.87036,
            "p(95)": 104.547883,
            "avg": 103.19208519672132,
            "min": 77.116699,
            "med": 82.074609
        },
        "api_failures": {
            "count": 0,
            "rate": 0,
            "thresholds": {
                "count<5": false
            }
        },
        "http_req_receiving": {
            "p(95)": 0.394647,
            "avg": 0.24189285245901632,
            "min": 0.086231,
            "med": 0.206647,
            "max": 0.991826,
            "p(90)": 0.342475
        },
        "http_req_connecting": {
            "p(95)": 30.706516,
            "avg": 2.274954393442623,
            "min": 0,
            "med": 0,
            "max": 39.430281,
            "p(90)": 0
        },
        "vus": {
            "value": 1,
            "min": 1,
            "max": 3
        },
        "rsc_response_time": {
            "count": 6367,
            "rate": 208.2995294732005
        },
        "http_req_waiting": {
            "avg": 102.91417673770493,
            "min": 76.928947,
            "med": 81.800045,
            "max": 956.048445,
            "p(90)": 94.842106,
            "p(95)": 104.334203
        },
        "http_reqs": {
            "count": 61,
            "rate": 1.99564493448488
        }
    },
    "setup_data": {
        "userEmail": "testprovider@gmail.com",
        "userId": "yEkCmDnrgxxxwwqAtqQe9pIXWoF8QgT8",
        "userRole": null,
        "sessionCookie": "__Secure-better-auth.session_token=vVkXCLeC4DnOrVBaT9gfhRVcoA55Ne9t.etXaYMZ66Lxon31yLii5tjHFI8WcncuoxjRmqozxYpc%3D",
        "token": "vVkXCLeC4DnOrVBaT9gfhRVcoA55Ne9t"
    },
    "root_group": {
        "name": "",
        "path": "",
        "id": "d41d8cd98f00b204e9800998ecf8427e",
        "groups": {
            "setup": {
                "groups": {},
                "checks": {
                        "✅ Provider Login status is 200": {
                            "passes": 1,
                            "fails": 0,
                            "name": "✅ Provider Login status is 200",
                            "path": "::setup::✅ Provider Login status is 200",
                            "id": "f25c9fe94ac5469c04c6fa8b42466767"
                        }
                    },
                "name": "setup",
                "path": "::setup",
                "id": "5c0f8025f7e0b6654089e5b00e950f1a"
            }
        },
        "checks": {
            "✅ RSC status is 200": {
                "path": "::✅ RSC status is 200",
                "id": "4147ccc7d80507f5947e997ae47438a5",
                "passes": 60,
                "fails": 0,
                "name": "✅ RSC status is 200"
            },
            "✅ Response contains RSC format": {
                "name": "✅ Response contains RSC format",
                "path": "::✅ Response contains RSC format",
                "id": "230a898fa9dfa0dbed1233df591ab3bd",
                "passes": 60,
                "fails": 0
            },
            "✅ Response has React components": {
                "id": "ac1980a92073698993cf28afa6cd5a4d",
                "passes": 60,
                "fails": 0,
                "name": "✅ Response has React components",
                "path": "::✅ Response has React components"
            },
            "✅ Response includes task data": {
                "name": "✅ Response includes task data",
                "path": "::✅ Response includes task data",
                "id": "cfb7f1abc645032f78620942be4508ad",
                "passes": 60,
                "fails": 0
            },
            "✅ Response time under 3s": {
                "name": "✅ Response time under 3s",
                "path": "::✅ Response time under 3s",
                "id": "19037091d6024770979a95a8e1d7234c",
                "passes": 60,
                "fails": 0
            },
            "✅ Contains loading skeleton": {
                "name": "✅ Contains loading skeleton",
                "path": "::✅ Contains loading skeleton",
                "id": "32a24c641c24883a917a6b14bf6637a8",
                "passes": 60,
                "fails": 0
            },
            "✅ Contains actual task data": {
                "name": "✅ Contains actual task data",
                "path": "::✅ Contains actual task data",
                "id": "d3bedd6f901ccb18dc97ccb63efeaafd",
                "passes": 60,
                "fails": 0
            },
            "✅ Contains provider data": {
                "path": "::✅ Contains provider data",
                "id": "a0f7a10f6f324a2087f9d8769b2d1250",
                "passes": 60,
                "fails": 0,
                "name": "✅ Contains provider data"
            },
            "✅ Proper RSC content type": {
                "name": "✅ Proper RSC content type",
                "path": "::✅ Proper RSC content type",
                "id": "9bcaab0858bd88d1284a44cd4826b85e",
                "passes": 60,
                "fails": 0
            }
        }
    }
}