{
    "metrics": {
        "vus_max": {
            "value": 3,
            "min": 3,
            "max": 3
        },
        "http_req_duration{expected_response:true}": {
            "avg": 53.58534028125001,
            "min": 41.018094,
            "med": 45.1152225,
            "max": 267.295401,
            "p(90)": 74.9204558,
            "p(95)": 76.7413617
        },
        "checks": {
            "passes": 226,
            "fails": 0,
            "thresholds": {
                "rate>0.95": false
            },
            "value": 1
        },
        "vus": {
            "value": 1,
            "min": 1,
            "max": 3
        },
        "http_req_waiting": {
            "min": 40.888863,
            "med": 44.9570135,
            "max": 267.007455,
            "p(90)": 74.7578581,
            "p(95)": 76.58338495000001,
            "avg": 53.43571228125001
        },
        "data_sent": {
            "count": 48594,
            "rate": 1573.0669775858032
        },
        "successful_requests": {
            "fails": 0,
            "passes": 63,
            "thresholds": {
                "rate>0.95": false
            },
            "value": 1
        },
        "iterations": {
            "count": 63,
            "rate": 2.039412676213228
        },
        "http_req_blocked": {
            "max": 111.380777,
            "p(90)": 0.011509,
            "p(95)": 79.17343779999948,
            "avg": 6.122458875000001,
            "min": 0.004809,
            "med": 0.006317
        },
        "http_req_failed": {
            "passes": 0,
            "fails": 64,
            "value": 0
        },
        "http_reqs": {
            "count": 64,
            "rate": 2.0717843059943903
        },
        "data_received": {
            "rate": 10290.520276244355,
            "count": 317887
        },
        "http_req_connecting": {
            "max": 30.746154,
            "p(90)": 0,
            "p(95)": 25.874566949999828,
            "avg": 1.91457884375,
            "min": 0,
            "med": 0
        },
        "http_req_tls_handshaking": {
            "max": 72.964537,
            "p(90)": 0,
            "p(95)": 53.05824779999964,
            "avg": 4.075402078125,
            "min": 0,
            "med": 0
        },
        "http_req_sending": {
            "p(90)": 0.04700560000000001,
            "p(95)": 0.08479854999999983,
            "avg": 0.03887495312499999,
            "min": 0.02135,
            "med": 0.034815,
            "max": 0.147613
        },
        "http_req_receiving": {
            "min": 0.063679,
            "med": 0.0959545,
            "max": 0.433231,
            "p(90)": 0.1400624,
            "p(95)": 0.19173369999999984,
            "avg": 0.11075304687499998
        },
        "api_failures": {
            "count": 0,
            "rate": 0,
            "thresholds": {
                "count<5": false
            }
        },
        "iteration_duration": {
            "avg": 1055.727929761905,
            "min": 1041.739437,
            "med": 1046.272263,
            "max": 1144.562642,
            "p(90)": 1077.7983292000001,
            "p(95)": 1114.0099857999999
        },
        "search_operations": {
            "count": 63,
            "rate": 2.039412676213228,
            "thresholds": {
                "count>0": false
            }
        },
        "http_req_duration": {
            "avg": 53.58534028125001,
            "min": 41.018094,
            "med": 45.1152225,
            "max": 267.295401,
            "p(90)": 74.9204558,
            "p(95)": 76.7413617,
            "thresholds": {
                "p(95)<3000": false
            }
        }
    },
    "setup_data": {
        "sessionCookie": "__Secure-better-auth.session_token=4sEaZzdycULaYPgcAEr05Hb5QZw3Xl3P.ABq3hIHxba4jh9TkpPDcUAgbYg7ZqkYhVvwqnq8Slik%3D",
        "token": "4sEaZzdycULaYPgcAEr05Hb5QZw3Xl3P",
        "userId": "mHe2a4J4yxEBTzW2M0lhSliJzoeRclIx"
    },
    "root_group": {
        "groups": {
            "setup": {
                "name": "setup",
                "path": "::setup",
                "id": "5c0f8025f7e0b6654089e5b00e950f1a",
                "groups": {},
                "checks": {
                        "✅ Login status is 200": {
                            "passes": 1,
                            "fails": 0,
                            "name": "✅ Login status is 200",
                            "path": "::setup::✅ Login status is 200",
                            "id": "ef5748235dba7417d2a94f2e9e0282c6"
                        }
                    }
            }
        },
        "checks": {
            "✅ Admin search-users status is 200": {
                "passes": 63,
                "fails": 0,
                "name": "✅ Admin search-users status is 200",
                "path": "::✅ Admin search-users status is 200",
                "id": "5cad04a758b9628592a252489c58a90a"
            },
            "✅ Response has users array": {
                "passes": 63,
                "fails": 0,
                "name": "✅ Response has users array",
                "path": "::✅ Response has users array",
                "id": "a94bc8497824a32ee1abc462a6f27a24"
            },
            "✅ Search response structure is valid": {
                "name": "✅ Search response structure is valid",
                "path": "::✅ Search response structure is valid",
                "id": "e197bc1ef037b593ef164d0c9ab09bad",
                "passes": 63,
                "fails": 0
            },
            "✅ Users match search criteria": {
                "fails": 0,
                "name": "✅ Users match search criteria",
                "path": "::✅ Users match search criteria",
                "id": "4b454d58c2203e39e4e806a489d160d8",
                "passes": 36
            }
        },
        "name": "",
        "path": "",
        "id": "d41d8cd98f00b204e9800998ecf8427e"
    }
}