{
    "root_group": {
        "name": "",
        "path": "",
        "id": "d41d8cd98f00b204e9800998ecf8427e",
        "groups": {
            "setup": {
                "name": "setup",
                "path": "::setup",
                "id": "5c0f8025f7e0b6654089e5b00e950f1a",
                "groups": {},
                "checks": {
                        "✅ Login status is 200": {
                            "fails": 0,
                            "name": "✅ Login status is 200",
                            "path": "::setup::✅ Login status is 200",
                            "id": "ef5748235dba7417d2a94f2e9e0282c6",
                            "passes": 1
                        }
                    }
            }
        },
        "checks": {
            "✅ Admin edit-user status is 200": {
                "id": "1b373af2cb092bed56aa1771a5f41a25",
                "passes": 56,
                "fails": 0,
                "name": "✅ Admin edit-user status is 200",
                "path": "::✅ Admin edit-user status is 200"
            },
            "✅ Response received": {
                "name": "✅ Response received",
                "path": "::✅ Response received",
                "id": "b807dfc05e33039721048b7326be5332",
                "passes": 56,
                "fails": 0
            }
        }
    },
    "metrics": {
        "http_req_duration": {
            "avg": 100.51347127433631,
            "min": 77.157631,
            "med": 100.019637,
            "max": 257.900343,
            "p(90)": 122.3012854,
            "p(95)": 123.49542559999999,
            "thresholds": {
                "p(95)<3000": false
            }
        },
        "http_req_sending": {
            "avg": 0.06970194690265488,
            "min": 0.015218,
            "med": 0.072906,
            "max": 0.188222,
            "p(90)": 0.123048,
            "p(95)": 0.133861
        },
        "http_req_blocked": {
            "avg": 3.8379439999999976,
            "min": 0.002936,
            "med": 0.00531,
            "max": 131.099732,
            "p(90)": 0.008326,
            "p(95)": 0.01182819999999994
        },
        "http_req_tls_handshaking": {
            "p(90)": 0,
            "p(95)": 0,
            "avg": 2.5501288849557526,
            "min": 0,
            "med": 0,
            "max": 85.498279
        },
        "http_req_failed": {
            "passes": 0,
            "fails": 113,
            "value": 0
        },
        "data_sent": {
            "count": 974785,
            "rate": 30926.039755728245
        },
        "iterations": {
            "count": 56,
            "rate": 1.7766566230715304
        },
        "successful_requests": {
            "passes": 56,
            "fails": 0,
            "thresholds": {
                "rate>0.95": false
            },
            "value": 1
        },
        "api_failures": {
            "count": 0,
            "rate": 0,
            "thresholds": {
                "count<5": false
            }
        },
        "vus": {
            "value": 1,
            "min": 1,
            "max": 3
        },
        "vus_max": {
            "value": 3,
            "min": 3,
            "max": 3
        },
        "http_req_connecting": {
            "avg": 1.2098747168141593,
            "min": 0,
            "med": 0,
            "max": 37.751897,
            "p(90)": 0,
            "p(95)": 0
        },
        "iteration_duration": {
            "max": 1360.738962,
            "p(90)": 1229.304,
            "p(95)": 1280.0584617499999,
            "avg": 1206.6147841785717,
            "min": 1179.907051,
            "med": 1188.1232435000002
        },
        "http_req_duration{expected_response:true}": {
            "p(95)": 123.49542559999999,
            "avg": 100.51347127433631,
            "min": 77.157631,
            "med": 100.019637,
            "max": 257.900343,
            "p(90)": 122.3012854
        },
        "data_received": {
            "count": 4089849,
            "rate": 129754.5948787942
        },
        "http_reqs": {
            "count": 113,
            "rate": 3.585039257269338
        },
        "checks": {
            "passes": 113,
            "fails": 0,
            "thresholds": {
                "rate>0.95": false
            },
            "value": 1
        },
        "user_updates": {
            "count": 56,
            "rate": 1.7766566230715304,
            "thresholds": {
                "count>0": false
            }
        },
        "http_req_receiving": {
            "avg": 16.19471981415929,
            "min": 0.050985,
            "med": 0.164277,
            "max": 37.587002,
            "p(90)": 37.389328,
            "p(95)": 37.4398202
        },
        "http_req_waiting": {
            "min": 69.271768,
            "med": 79.213857,
            "max": 257.683127,
            "p(90)": 93.471158,
            "p(95)": 102.51039879999996,
            "avg": 84.24904951327433
        }
    },
    "setup_data": {
        "sessionCookie": "__Secure-better-auth.session_token=fsp601gAlPpYBt0unXPcwMWJnN82t4GM.0S4dKuG%2B%2FK5dzuGvHrzBHBXngxsMoaoJO2GLrTzyQoo%3D",
        "token": "fsp601gAlPpYBt0unXPcwMWJnN82t4GM",
        "userId": "mHe2a4J4yxEBTzW2M0lhSliJzoeRclIx"
    }
}