{
    "metrics": {
        "vus": {
            "value": 1,
            "min": 1,
            "max": 1
        },
        "iterations": {
            "count": 1,
            "rate": 0.6913137208017878
        },
        "http_req_blocked": {
            "p(90)": 185.49569,
            "p(95)": 185.49569,
            "avg": 185.49569,
            "min": 185.49569,
            "med": 185.49569,
            "max": 185.49569
        },
        "http_req_sending": {
            "min": 0.06912,
            "med": 0.06912,
            "max": 0.06912,
            "p(90)": 0.06912,
            "p(95)": 0.06912,
            "avg": 0.06912
        },
        "data_sent": {
            "count": 673,
            "rate": 465.25413409960316
        },
        "http_reqs": {
            "rate": 0.6913137208017878,
            "count": 1
        },
        "successful_logins": {
            "passes": 0,
            "fails": 0,
            "thresholds": {
                "rate>0.99": false
            },
            "value": 0
        },
        "http_req_duration{expected_response:true}": {
            "p(95)": 258.972454,
            "avg": 258.972454,
            "min": 258.972454,
            "med": 258.972454,
            "max": 258.972454,
            "p(90)": 258.972454
        },
        "http_req_connecting": {
            "avg": 29.514769,
            "min": 29.514769,
            "med": 29.514769,
            "max": 29.514769,
            "p(90)": 29.514769,
            "p(95)": 29.514769
        },
        "login_failures": {
            "count": 0,
            "rate": 0,
            "thresholds": {
                "count<1": false
            }
        },
        "checks": {
            "passes": 3,
            "fails": 0,
            "thresholds": {
                "rate>0.99": false
            },
            "value": 1
        },
        "http_req_duration": {
            "avg": 258.972454,
            "min": 258.972454,
            "med": 258.972454,
            "max": 258.972454,
            "p(90)": 258.972454,
            "p(95)": 258.972454,
            "thresholds": {
                "p(95)<3000": false
            }
        },
        "data_received": {
            "count": 3105,
            "rate": 2146.529103089551
        },
        "http_req_failed": {
            "passes": 0,
            "fails": 1,
            "value": 0
        },
        "vus_max": {
            "value": 1,
            "min": 1,
            "max": 1
        },
        "iteration_duration": {
            "max": 1000.456643,
            "p(90)": 1000.456643,
            "p(95)": 1000.456643,
            "avg": 1000.456643,
            "min": 1000.456643,
            "med": 1000.456643
        },
        "http_req_tls_handshaking": {
            "max": 63.439048,
            "p(90)": 63.439048,
            "p(95)": 63.439048,
            "avg": 63.439048,
            "min": 63.439048,
            "med": 63.439048
        },
        "http_req_receiving": {
            "avg": 0.152076,
            "min": 0.152076,
            "med": 0.152076,
            "max": 0.152076,
            "p(90)": 0.152076,
            "p(95)": 0.152076
        },
        "http_req_waiting": {
            "avg": 258.751258,
            "min": 258.751258,
            "med": 258.751258,
            "max": 258.751258,
            "p(90)": 258.751258,
            "p(95)": 258.751258
        }
    },
    "setup_data": {
        "token": "WAX8jEn7POhU3aKLuOX8Wc0VnS0jC8wU",
        "user": {
            "createdAt": "2025-07-14T17:29:47.569Z",
            "email": "deepeshm@pennhealthinfo.com",
            "emailVerified": true,
            "id": "mHe2a4J4yxEBTzW2M0lhSliJzoeRclIx",
            "image": null,
            "name": "Deepesh M S",
            "updatedAt": "2025-07-14T17:29:47.569Z"
        }
    },
    "root_group": {
        "id": "d41d8cd98f00b204e9800998ecf8427e",
        "groups": {},
        "checks": {
                "✅ Token is present": {
                    "id": "ea0637f73bc02a6521537559bf962535",
                    "passes": 1,
                    "fails": 0,
                    "name": "✅ Token is present",
                    "path": "::✅ Token is present"
                },
                "✅ User data is present": {
                    "name": "✅ User data is present",
                    "path": "::✅ User data is present",
                    "id": "828c32906626828b931e9f8c243dd059",
                    "passes": 1,
                    "fails": 0
                },
                "✅ User email matches": {
                    "passes": 1,
                    "fails": 0,
                    "name": "✅ User email matches",
                    "path": "::✅ User email matches",
                    "id": "235ae969e946fa097b0106042dacf9af"
                }
            },
        "name": "",
        "path": ""
    }
}