{
    "metrics": {
        "api_failures": {
            "count": 0,
            "rate": 0,
            "thresholds": {
                "count<5": false
            }
        },
        "successful_requests": {
            "passes": 65,
            "fails": 0,
            "thresholds": {
                "rate>0.95": false
            },
            "value": 1
        },
        "http_req_connecting": {
            "avg": 0.6906139393939393,
            "min": 0,
            "med": 0,
            "max": 12.007327,
            "p(90)": 0,
            "p(95)": 7.596848249999999
        },
        "data_received": {
            "count": 227132,
            "rate": 7274.758076662551
        },
        "http_req_duration": {
            "avg": 31.025315227272735,
            "min": 21.75733,
            "med": 26.1103085,
            "max": 218.044338,
            "p(90)": 38.407345,
            "p(95)": 41.606305750000004,
            "thresholds": {
                "p(95)<3000": false
            }
        },
        "vus": {
            "value": 1,
            "min": 1,
            "max": 3
        },
        "role_filter_operations": {
            "count": 65,
            "rate": 2.081869903769904,
            "thresholds": {
                "count>0": false
            }
        },
        "iterations": {
            "count": 65,
            "rate": 2.081869903769904
        },
        "http_req_sending": {
            "avg": 0.03324659090909091,
            "min": 0.018624,
            "med": 0.030236,
            "max": 0.146132,
            "p(90)": 0.0450035,
            "p(95)": 0.0552175
        },
        "http_req_failed": {
            "passes": 0,
            "fails": 66,
            "value": 0
        },
        "http_reqs": {
            "count": 66,
            "rate": 2.11389867152021
        },
        "vus_max": {
            "value": 3,
            "min": 3,
            "max": 3
        },
        "data_sent": {
            "count": 45188,
            "rate": 1447.315957100837
        },
        "iteration_duration": {
            "min": 1022.349787,
            "med": 1027.591988,
            "max": 1063.774903,
            "p(90)": 1042.469845,
            "p(95)": 1051.1092294,
            "avg": 1030.8432975538462
        },
        "http_req_duration{expected_response:true}": {
            "p(95)": 41.606305750000004,
            "avg": 31.025315227272735,
            "min": 21.75733,
            "med": 26.1103085,
            "max": 218.044338,
            "p(90)": 38.407345
        },
        "http_req_blocked": {
            "med": 0.005716000000000001,
            "max": 90.823203,
            "p(90)": 0.011181,
            "p(95)": 27.170480250000004,
            "avg": 3.0456342878787885,
            "min": 0.003838
        },
        "http_req_waiting": {
            "avg": 30.92396622727273,
            "min": 21.646644,
            "med": 26.010717,
            "max": 217.872678,
            "p(90)": 38.2492825,
            "p(95)": 41.52004025
        },
        "http_req_receiving": {
            "max": 0.317095,
            "p(90)": 0.0899025,
            "p(95)": 0.09604425,
            "avg": 0.06810240909090909,
            "min": 0.040355,
            "med": 0.060217
        },
        "http_req_tls_handshaking": {
            "avg": 1.4451704696969696,
            "min": 0,
            "med": 0,
            "max": 24.859643,
            "p(90)": 0,
            "p(95)": 15.932799000000001
        },
        "checks": {
            "passes": 335,
            "fails": 0,
            "thresholds": {
                "rate>0.95": false
            },
            "value": 1
        }
    },
    "setup_data": {
        "sessionCookie": "__Secure-better-auth.session_token=YxNW7IQoeZAAw8HcDQnv6V5N712lQemc.ZMs969Cx8kWVw16sj%2FVwSIZ2GHdw0%2B0SI1uvr141Skg%3D",
        "token": "YxNW7IQoeZAAw8HcDQnv6V5N712lQemc",
        "userId": "mHe2a4J4yxEBTzW2M0lhSliJzoeRclIx"
    },
    "root_group": {
        "groups": {
            "setup": {
                "name": "setup",
                "path": "::setup",
                "id": "5c0f8025f7e0b6654089e5b00e950f1a",
                "groups": {},
                "checks": {
                        "✅ Login status is 200": {
                            "path": "::setup::✅ Login status is 200",
                            "id": "ef5748235dba7417d2a94f2e9e0282c6",
                            "passes": 1,
                            "fails": 0,
                            "name": "✅ Login status is 200"
                        }
                    }
            }
        },
        "checks": {
            "✅ Admin role-filter status is 200": {
                "id": "0025c2fb1d7a7bdcbe5b3d4118903002",
                "passes": 65,
                "fails": 0,
                "name": "✅ Admin role-filter status is 200",
                "path": "::✅ Admin role-filter status is 200"
            },
            "✅ Response has users array": {
                "id": "a94bc8497824a32ee1abc462a6f27a24",
                "passes": 65,
                "fails": 0,
                "name": "✅ Response has users array",
                "path": "::✅ Response has users array"
            },
            "✅ Search response structure is valid": {
                "passes": 65,
                "fails": 0,
                "name": "✅ Search response structure is valid",
                "path": "::✅ Search response structure is valid",
                "id": "e197bc1ef037b593ef164d0c9ab09bad"
            },
            "✅ User objects have required fields": {
                "path": "::✅ User objects have required fields",
                "id": "d371a082343c27e320f6c44f425db641",
                "passes": 49,
                "fails": 0,
                "name": "✅ User objects have required fields"
            },
            "✅ User role is valid": {
                "name": "✅ User role is valid",
                "path": "::✅ User role is valid",
                "id": "dc17da2dd65bad1205f330e8a551fedd",
                "passes": 49,
                "fails": 0
            },
            "✅ All users match selected role": {
                "name": "✅ All users match selected role",
                "path": "::✅ All users match selected role",
                "id": "3defe24c75b0b2c1856b3dfd3fa0fac2",
                "passes": 41,
                "fails": 0
            }
        },
        "name": "",
        "path": "",
        "id": "d41d8cd98f00b204e9800998ecf8427e"
    }
}