{
    "root_group": {
        "checks": {
            "✅ Token is present": {
                "name": "✅ Token is present",
                "path": "::✅ Token is present",
                "id": "ea0637f73bc02a6521537559bf962535",
                "passes": 1,
                "fails": 0
            },
            "✅ User data is present": {
                "name": "✅ User data is present",
                "path": "::✅ User data is present",
                "id": "828c32906626828b931e9f8c243dd059",
                "passes": 1,
                "fails": 0
            },
            "✅ User email matches": {
                "name": "✅ User email matches",
                "path": "::✅ User email matches",
                "id": "235ae969e946fa097b0106042dacf9af",
                "passes": 1,
                "fails": 0
            }
        },
        "name": "",
        "path": "",
        "id": "d41d8cd98f00b204e9800998ecf8427e",
        "groups": {}
    },
    "metrics": {
        "http_req_duration{expected_response:true}": {
            "avg": 233.331738,
            "min": 233.331738,
            "med": 233.331738,
            "max": 233.331738,
            "p(90)": 233.331738,
            "p(95)": 233.331738
        },
        "data_received": {
            "count": 3107,
            "rate": 2330.9989138205274
        },
        "vus": {
            "max": 1,
            "value": 1,
            "min": 1
        },
        "iteration_duration": {
            "avg": 1001.147433,
            "min": 1001.147433,
            "med": 1001.147433,
            "max": 1001.147433,
            "p(90)": 1001.147433,
            "p(95)": 1001.147433
        },
        "iterations": {
            "count": 1,
            "rate": 0.7502410408176786
        },
        "http_req_blocked": {
            "avg": 96.903988,
            "min": 96.903988,
            "med": 96.903988,
            "max": 96.903988,
            "p(90)": 96.903988,
            "p(95)": 96.903988
        },
        "http_req_sending": {
            "avg": 0.077404,
            "min": 0.077404,
            "med": 0.077404,
            "max": 0.077404,
            "p(90)": 0.077404,
            "p(95)": 0.077404
        },
        "http_req_tls_handshaking": {
            "p(95)": 26.155821,
            "avg": 26.155821,
            "min": 26.155821,
            "med": 26.155821,
            "max": 26.155821,
            "p(90)": 26.155821
        },
        "http_req_receiving": {
            "avg": 0.091551,
            "min": 0.091551,
            "med": 0.091551,
            "max": 0.091551,
            "p(90)": 0.091551,
            "p(95)": 0.091551
        },
        "successful_logins": {
            "passes": 0,
            "fails": 0,
            "thresholds": {
                "rate>0.99": false
            },
            "value": 0
        },
        "http_req_duration": {
            "avg": 233.331738,
            "min": 233.331738,
            "med": 233.331738,
            "max": 233.331738,
            "p(90)": 233.331738,
            "p(95)": 233.331738,
            "thresholds": {
                "p(95)<3000": false
            }
        },
        "login_failures": {
            "count": 0,
            "rate": 0,
            "thresholds": {
                "count<1": false
            }
        },
        "vus_max": {
            "value": 1,
            "min": 1,
            "max": 1
        },
        "data_sent": {
            "count": 673,
            "rate": 504.9122204702977
        },
        "checks": {
            "passes": 3,
            "fails": 0,
            "thresholds": {
                "rate>0.99": false
            },
            "value": 1
        },
        "http_reqs": {
            "count": 1,
            "rate": 0.7502410408176786
        },
        "http_req_failed": {
            "passes": 0,
            "fails": 1,
            "value": 0
        },
        "http_req_connecting": {
            "p(90)": 11.704214,
            "p(95)": 11.704214,
            "avg": 11.704214,
            "min": 11.704214,
            "med": 11.704214,
            "max": 11.704214
        },
        "http_req_waiting": {
            "p(90)": 233.162783,
            "p(95)": 233.162783,
            "avg": 233.162783,
            "min": 233.162783,
            "med": 233.162783,
            "max": 233.162783
        }
    },
    "setup_data": {
        "token": "OHoG1hraqAY4eYClwXGNbfdMDOa6APlr",
        "user": {
            "name": "Deepesh M S",
            "updatedAt": "2025-07-14T17:29:47.569Z",
            "createdAt": "2025-07-14T17:29:47.569Z",
            "email": "deepeshm@pennhealthinfo.com",
            "emailVerified": true,
            "id": "mHe2a4J4yxEBTzW2M0lhSliJzoeRclIx",
            "image": null
        }
    }
}