{
    "metrics": {
        "http_req_connecting": {
            "avg": 2.5537603278688525,
            "min": 0,
            "med": 0,
            "max": 39.207561,
            "p(90)": 0,
            "p(95)": 38.571342
        },
        "api_failures": {
            "count": 0,
            "rate": 0,
            "thresholds": {
                "count<5": false
            }
        },
        "vus": {
            "max": 3,
            "value": 1,
            "min": 1
        },
        "checks": {
            "passes": 601,
            "fails": 0,
            "thresholds": {
                "rate>0.95": false
            },
            "value": 1
        },
        "http_req_duration{expected_response:true}": {
            "avg": 110.85521549180325,
            "min": 94.4443,
            "med": 97.457591,
            "max": 640.465242,
            "p(90)": 107.083578,
            "p(95)": 117.39781
        },
        "data_sent": {
            "count": 68849,
            "rate": 2234.6674585277297
        },
        "rsc_response_time": {
            "count": 6872,
            "rate": 223.04804390771918
        },
        "http_req_tls_handshaking": {
            "avg": 5.2549828852459015,
            "min": 0,
            "med": 0,
            "max": 81.33242,
            "p(90)": 0,
            "p(95)": 79.035274
        },
        "http_req_receiving": {
            "max": 0.763838,
            "p(90)": 0.351601,
            "p(95)": 0.476989,
            "avg": 0.24472059016393444,
            "min": 0.10666,
            "med": 0.212123
        },
        "vus_max": {
            "value": 3,
            "min": 3,
            "max": 3
        },
        "data_received": {
            "rate": 68132.05685205937,
            "count": 2099115
        },
        "http_req_duration": {
            "p(90)": 107.083578,
            "p(95)": 117.39781,
            "avg": 110.85521549180325,
            "min": 94.4443,
            "med": 97.457591,
            "max": 640.465242,
            "thresholds": {
                "p(95)<3000": false
            }
        },
        "http_req_waiting": {
            "avg": 110.57638462295081,
            "min": 94.240426,
            "med": 97.244611,
            "max": 640.247784,
            "p(90)": 106.944917,
            "p(95)": 117.239561
        },
        "sorted_requests": {
            "count": 60,
            "rate": 1.9474509072268846
        },
        "http_req_sending": {
            "min": 0.02084,
            "med": 0.030437,
            "max": 0.139864,
            "p(90)": 0.041818,
            "p(95)": 0.060815,
            "avg": 0.0341102786885246
        },
        "iteration_duration": {
            "p(95)": 1145.0066762999998,
            "avg": 1115.6022466,
            "min": 1095.152277,
            "med": 1098.8176855,
            "max": 1760.776417,
            "p(90)": 1110.3363975
        },
        "iterations": {
            "count": 60,
            "rate": 1.9474509072268846
        },
        "http_reqs": {
            "count": 61,
            "rate": 1.9799084223473327
        },
        "http_req_failed": {
            "fails": 61,
            "passes": 0,
            "value": 0
        },
        "successful_requests": {
            "fails": 0,
            "passes": 60,
            "thresholds": {
                "rate>0.95": false
            },
            "value": 1
        },
        "http_req_blocked": {
            "max": 132.903019,
            "p(90)": 0.008586,
            "p(95)": 117.685403,
            "avg": 8.022771475409838,
            "min": 0.003867,
            "med": 0.00532
        }
    },
    "setup_data": {
        "token": "fawtqSC5D66xiyJM5sSe1DDj6DaN5Umy",
        "userEmail": "testprovider@gmail.com",
        "userId": "yEkCmDnrgxxxwwqAtqQe9pIXWoF8QgT8",
        "userRole": null,
        "sessionCookie": "__Secure-better-auth.session_token=fawtqSC5D66xiyJM5sSe1DDj6DaN5Umy.t63F%2F63dqt3Lv9aBIpRn16AnbhKLr76LJ1pjChCJtfY%3D"
    },
    "root_group": {
        "groups": {
            "setup": {
                "id": "5c0f8025f7e0b6654089e5b00e950f1a",
                "groups": {},
                "checks": {
                        "✅ Provider Login status is 200": {
                            "fails": 0,
                            "name": "✅ Provider Login status is 200",
                            "path": "::setup::✅ Provider Login status is 200",
                            "id": "f25c9fe94ac5469c04c6fa8b42466767",
                            "passes": 1
                        }
                    },
                "name": "setup",
                "path": "::setup"
            }
        },
        "checks": {
            "✅ Sorted RSC status is 200": {
                "path": "::✅ Sorted RSC status is 200",
                "id": "3b3ef9a12a09fc4c5c38e5d5deff5a0d",
                "passes": 60,
                "fails": 0,
                "name": "✅ Sorted RSC status is 200"
            },
            "✅ Response contains RSC format": {
                "passes": 60,
                "fails": 0,
                "name": "✅ Response contains RSC format",
                "path": "::✅ Response contains RSC format",
                "id": "230a898fa9dfa0dbed1233df591ab3bd"
            },
            "✅ Response includes task data": {
                "fails": 0,
                "name": "✅ Response includes task data",
                "path": "::✅ Response includes task data",
                "id": "cfb7f1abc645032f78620942be4508ad",
                "passes": 60
            },
            "✅ Response has sort arguments": {
                "name": "✅ Response has sort arguments",
                "path": "::✅ Response has sort arguments",
                "id": "cf48bea1fa89f1fecfbf02b19add9758",
                "passes": 60,
                "fails": 0
            },
            "✅ Response time under 3s": {
                "name": "✅ Response time under 3s",
                "path": "::✅ Response time under 3s",
                "id": "19037091d6024770979a95a8e1d7234c",
                "passes": 60,
                "fails": 0
            },
            "✅ Contains loading skeleton": {
                "name": "✅ Contains loading skeleton",
                "path": "::✅ Contains loading skeleton",
                "id": "32a24c641c24883a917a6b14bf6637a8",
                "passes": 60,
                "fails": 0
            },
            "✅ Contains sorted task data": {
                "fails": 0,
                "name": "✅ Contains sorted task data",
                "path": "::✅ Contains sorted task data",
                "id": "52b4ded8178f84fd1bef6c11a9de3ebd",
                "passes": 60
            },
            "✅ Tasks are properly sorted": {
                "passes": 60,
                "fails": 0,
                "name": "✅ Tasks are properly sorted",
                "path": "::✅ Tasks are properly sorted",
                "id": "0fe5caea6796b3ef4f3cc155096ebbd6"
            },
            "✅ Tasks are in ascending order": {
                "path": "::✅ Tasks are in ascending order",
                "id": "7230852226610d8f52c9daf3c588041e",
                "passes": 60,
                "fails": 0,
                "name": "✅ Tasks are in ascending order"
            },
            "✅ Proper RSC content type": {
                "name": "✅ Proper RSC content type",
                "path": "::✅ Proper RSC content type",
                "id": "9bcaab0858bd88d1284a44cd4826b85e",
                "passes": 60,
                "fails": 0
            }
        },
        "name": "",
        "path": "",
        "id": "d41d8cd98f00b204e9800998ecf8427e"
    }
}