{
    "metrics": {
        "http_req_sending": {
            "avg": 0.03243816949152543,
            "min": 0.023915,
            "med": 0.029205,
            "max": 0.127516,
            "p(90)": 0.039111400000000004,
            "p(95)": 0.047412099999999936
        },
        "rsc_response_time": {
            "count": 9401,
            "rate": 300.2333996724393
        },
        "http_req_tls_handshaking": {
            "max": 83.953891,
            "p(90)": 0,
            "p(95)": 78.6959568,
            "avg": 5.48535093220339,
            "min": 0,
            "med": 0
        },
        "vus": {
            "value": 1,
            "min": 1,
            "max": 3
        },
        "http_req_waiting": {
            "med": 96.678717,
            "max": 3412.70918,
            "p(90)": 109.7659518,
            "p(95)": 111.86306499999999,
            "avg": 157.01235989830508,
            "min": 93.394141
        },
        "api_failures": {
            "count": 0,
            "rate": 0,
            "thresholds": {
                "count<5": false
            }
        },
        "data_received": {
            "count": 2022096,
            "rate": 64578.31683268171
        },
        "http_req_duration{expected_response:true}": {
            "avg": 157.3222466440678,
            "min": 93.592336,
            "med": 97.010992,
            "max": 3413.040095,
            "p(90)": 109.9889452,
            "p(95)": 112.02929759999999
        },
        "http_reqs": {
            "count": 59,
            "rate": 1.8842432273879286
        },
        "http_req_blocked": {
            "avg": 8.42034008474576,
            "min": 0.004008,
            "med": 0.005591,
            "max": 137.852292,
            "p(90)": 0.010025000000000006,
            "p(95)": 117.43164639999999
        },
        "vus_max": {
            "min": 3,
            "max": 3,
            "value": 3
        },
        "successful_requests": {
            "fails": 0,
            "passes": 58,
            "thresholds": {
                "rate>0.95": false
            },
            "value": 1
        },
        "http_req_duration": {
            "avg": 157.3222466440678,
            "min": 93.592336,
            "med": 97.010992,
            "max": 3413.040095,
            "p(90)": 109.9889452,
            "p(95)": 112.02929759999999,
            "thresholds": {
                "p(95)<3000": false
            }
        },
        "http_req_receiving": {
            "avg": 0.2774485762711864,
            "min": 0.109015,
            "med": 0.225537,
            "max": 1.834953,
            "p(90)": 0.4116194000000002,
            "p(95)": 0.5475269999999999
        },
        "iteration_duration": {
            "avg": 1163.1202540172415,
            "min": 1094.785638,
            "med": 1097.9736415,
            "max": 4531.182218,
            "p(90)": 1111.4222103,
            "p(95)": 1130.0245207499997
        },
        "checks": {
            "passes": 522,
            "fails": 1,
            "thresholds": {
                "rate>0.95": false
            },
            "value": 0.9980879541108987
        },
        "http_req_connecting": {
            "p(90)": 0,
            "p(95)": 38.5542907,
            "avg": 2.6318108305084746,
            "min": 0,
            "med": 0,
            "max": 39.062131
        },
        "iterations": {
            "count": 58,
            "rate": 1.8523069014999978
        },
        "http_req_failed": {
            "passes": 0,
            "fails": 59,
            "value": 0
        },
        "data_sent": {
            "count": 52163,
            "rate": 1665.8945672921445
        }
    },
    "setup_data": {
        "sessionCookie": "__Secure-better-auth.session_token=q3WDJCzOUDirk9lMuH1uIw9ieEoFGfsy.%2FR34l%2BnfbQyg7x%2Bc7OuIqZVngYg46exYrAPHeN1t%2FRw%3D",
        "token": "q3WDJCzOUDirk9lMuH1uIw9ieEoFGfsy",
        "userEmail": "testprovider@gmail.com",
        "userId": "yEkCmDnrgxxxwwqAtqQe9pIXWoF8QgT8",
        "userRole": null
    },
    "root_group": {
        "name": "",
        "path": "",
        "id": "d41d8cd98f00b204e9800998ecf8427e",
        "groups": {
            "setup": {
                "name": "setup",
                "path": "::setup",
                "id": "5c0f8025f7e0b6654089e5b00e950f1a",
                "groups": {},
                "checks": {
                        "✅ Provider Login status is 200": {
                            "id": "f25c9fe94ac5469c04c6fa8b42466767",
                            "passes": 1,
                            "fails": 0,
                            "name": "✅ Provider Login status is 200",
                            "path": "::setup::✅ Provider Login status is 200"
                        }
                    }
            }
        },
        "checks": {
            "✅ RSC status is 200": {
                "id": "4147ccc7d80507f5947e997ae47438a5",
                "passes": 58,
                "fails": 0,
                "name": "✅ RSC status is 200",
                "path": "::✅ RSC status is 200"
            },
            "✅ Response contains RSC format": {
                "name": "✅ Response contains RSC format",
                "path": "::✅ Response contains RSC format",
                "id": "230a898fa9dfa0dbed1233df591ab3bd",
                "passes": 58,
                "fails": 0
            },
            "✅ Response has React components": {
                "name": "✅ Response has React components",
                "path": "::✅ Response has React components",
                "id": "ac1980a92073698993cf28afa6cd5a4d",
                "passes": 58,
                "fails": 0
            },
            "✅ Response includes task data": {
                "name": "✅ Response includes task data",
                "path": "::✅ Response includes task data",
                "id": "cfb7f1abc645032f78620942be4508ad",
                "passes": 58,
                "fails": 0
            },
            "✅ Response time under 3s": {
                "fails": 1,
                "name": "✅ Response time under 3s",
                "path": "::✅ Response time under 3s",
                "id": "19037091d6024770979a95a8e1d7234c",
                "passes": 57
            },
            "✅ Contains loading skeleton": {
                "passes": 58,
                "fails": 0,
                "name": "✅ Contains loading skeleton",
                "path": "::✅ Contains loading skeleton",
                "id": "32a24c641c24883a917a6b14bf6637a8"
            },
            "✅ Contains actual task data": {
                "name": "✅ Contains actual task data",
                "path": "::✅ Contains actual task data",
                "id": "d3bedd6f901ccb18dc97ccb63efeaafd",
                "passes": 58,
                "fails": 0
            },
            "✅ Contains provider data": {
                "path": "::✅ Contains provider data",
                "id": "a0f7a10f6f324a2087f9d8769b2d1250",
                "passes": 58,
                "fails": 0,
                "name": "✅ Contains provider data"
            },
            "✅ Proper RSC content type": {
                "name": "✅ Proper RSC content type",
                "path": "::✅ Proper RSC content type",
                "id": "9bcaab0858bd88d1284a44cd4826b85e",
                "passes": 58,
                "fails": 0
            }
        }
    }
}