{
    "metrics": {
        "http_req_duration{expected_response:true}": {
            "avg": 55.944196234375006,
            "min": 47.443161,
            "med": 51.657964500000006,
            "max": 244.132356,
            "p(90)": 60.85016630000001,
            "p(95)": 68.56167004999999
        },
        "http_req_failed": {
            "passes": 0,
            "fails": 64,
            "value": 0
        },
        "vus": {
            "value": 1,
            "min": 1,
            "max": 3
        },
        "http_req_receiving": {
            "avg": 0.08468465624999999,
            "min": 0.056988,
            "med": 0.082626,
            "max": 0.132299,
            "p(90)": 0.1013284,
            "p(95)": 0.11316234999999997
        },
        "vus_max": {
            "max": 3,
            "value": 3,
            "min": 3
        },
        "api_failures": {
            "count": 0,
            "rate": 0,
            "thresholds": {
                "count<5": false
            }
        },
        "http_req_tls_handshaking": {
            "avg": 5.154761625000001,
            "min": 0,
            "med": 0,
            "max": 91.29121,
            "p(90)": 0,
            "p(95)": 66.63106394999956
        },
        "iteration_duration": {
            "avg": 1059.5738305079365,
            "min": 1048.082507,
            "med": 1052.565719,
            "max": 1172.400867,
            "p(90)": 1067.3181332000001,
            "p(95)": 1072.7381364999999
        },
        "role_filter_operations": {
            "count": 63,
            "rate": 2.028250976840996,
            "thresholds": {
                "count>0": false
            }
        },
        "http_reqs": {
            "count": 64,
            "rate": 2.060445436790853
        },
        "data_sent": {
            "count": 48706,
            "rate": 1568.0633663177389
        },
        "successful_requests": {
            "passes": 63,
            "fails": 0,
            "thresholds": {
                "rate>0.95": false
            },
            "value": 1
        },
        "http_req_waiting": {
            "p(95)": 68.44059739999999,
            "avg": 55.824962546875,
            "min": 47.331943,
            "med": 51.5090285,
            "max": 243.91646,
            "p(90)": 60.72000150000001
        },
        "data_received": {
            "count": 159735,
            "rate": 5142.58206009042
        },
        "iterations": {
            "count": 63,
            "rate": 2.028250976840996
        },
        "checks": {
            "passes": 326,
            "fails": 0,
            "thresholds": {
                "rate>0.95": false
            },
            "value": 1
        },
        "http_req_duration": {
            "p(90)": 60.85016630000001,
            "p(95)": 68.56167004999999,
            "avg": 55.944196234375006,
            "min": 47.443161,
            "med": 51.657964500000006,
            "max": 244.132356,
            "thresholds": {
                "p(95)<3000": false
            }
        },
        "http_req_connecting": {
            "max": 39.765337,
            "p(90)": 0,
            "p(95)": 32.77965924999978,
            "avg": 2.44721384375,
            "min": 0,
            "med": 0
        },
        "http_req_sending": {
            "avg": 0.03454903124999999,
            "min": 0.024346,
            "med": 0.0308785,
            "max": 0.102132,
            "p(90)": 0.0468667,
            "p(95)": 0.06048554999999993
        },
        "http_req_blocked": {
            "avg": 7.812189031250002,
            "min": 0.004939,
            "med": 0.005826,
            "max": 142.63469,
            "p(90)": 0.009838000000000001,
            "p(95)": 100.51163894999932
        }
    },
    "setup_data": {
        "sessionCookie": "__Secure-better-auth.session_token=xxLqPdlBSU3n0srmeqWFeCD3VNPEgili.JYJOxdXn%2BiL%2B95Y2xjpzxQ0EKl0RCl4tLRDARFvUhW8%3D",
        "token": "xxLqPdlBSU3n0srmeqWFeCD3VNPEgili",
        "userId": "mHe2a4J4yxEBTzW2M0lhSliJzoeRclIx"
    },
    "root_group": {
        "id": "d41d8cd98f00b204e9800998ecf8427e",
        "groups": {
            "setup": {
                "path": "::setup",
                "id": "5c0f8025f7e0b6654089e5b00e950f1a",
                "groups": {},
                "checks": {
                        "✅ Login status is 200": {
                            "passes": 1,
                            "fails": 0,
                            "name": "✅ Login status is 200",
                            "path": "::setup::✅ Login status is 200",
                            "id": "ef5748235dba7417d2a94f2e9e0282c6"
                        }
                    },
                "name": "setup"
            }
        },
        "checks": {
            "✅ Admin role-filter status is 200": {
                "fails": 0,
                "name": "✅ Admin role-filter status is 200",
                "path": "::✅ Admin role-filter status is 200",
                "id": "0025c2fb1d7a7bdcbe5b3d4118903002",
                "passes": 63
            },
            "✅ Response has users array": {
                "passes": 63,
                "fails": 0,
                "name": "✅ Response has users array",
                "path": "::✅ Response has users array",
                "id": "a94bc8497824a32ee1abc462a6f27a24"
            },
            "✅ Search response structure is valid": {
                "fails": 0,
                "name": "✅ Search response structure is valid",
                "path": "::✅ Search response structure is valid",
                "id": "e197bc1ef037b593ef164d0c9ab09bad",
                "passes": 63
            },
            "✅ All users match selected role": {
                "name": "✅ All users match selected role",
                "path": "::✅ All users match selected role",
                "id": "3defe24c75b0b2c1856b3dfd3fa0fac2",
                "passes": 40,
                "fails": 0
            },
            "✅ User objects have required fields": {
                "name": "✅ User objects have required fields",
                "path": "::✅ User objects have required fields",
                "id": "d371a082343c27e320f6c44f425db641",
                "passes": 48,
                "fails": 0
            },
            "✅ User role is valid": {
                "id": "dc17da2dd65bad1205f330e8a551fedd",
                "passes": 48,
                "fails": 0,
                "name": "✅ User role is valid",
                "path": "::✅ User role is valid"
            }
        },
        "name": "",
        "path": ""
    }
}