{
    "metrics": {
        "http_req_receiving": {
            "p(90)": 0.5630021999999999,
            "p(95)": 0.6494888,
            "avg": 0.2755752580645161,
            "min": 0.06993,
            "med": 0.1958665,
            "max": 1.35904
        },
        "http_req_failed": {
            "passes": 0,
            "fails": 62,
            "value": 0
        },
        "http_req_duration": {
            "avg": 88.36853433870964,
            "min": 71.865821,
            "med": 87.530347,
            "max": 241.832384,
            "p(90)": 93.1070064,
            "p(95)": 96.26583779999999,
            "thresholds": {
                "p(95)<3000": false
            }
        },
        "http_req_connecting": {
            "avg": 1.9453267258064515,
            "min": 0,
            "med": 0,
            "max": 34.957457,
            "p(90)": 0,
            "p(95)": 26.34928074999988
        },
        "data_received": {
            "count": 2128488,
            "rate": 68446.57672726281
        },
        "vus": {
            "max": 3,
            "value": 1,
            "min": 1
        },
        "http_reqs": {
            "count": 62,
            "rate": 1.9937569566238076
        },
        "data_sent": {
            "count": 52682,
            "rate": 1694.1145804654102
        },
        "checks": {
            "passes": 672,
            "fails": 0,
            "thresholds": {
                "rate>0.95": false
            },
            "value": 1
        },
        "successful_requests": {
            "passes": 61,
            "fails": 0,
            "thresholds": {
                "rate>0.95": false
            },
            "value": 1
        },
        "http_req_tls_handshaking": {
            "avg": 4.033446322580645,
            "min": 0,
            "med": 0,
            "max": 72.193362,
            "p(90)": 0,
            "p(95)": 53.862115799999756
        },
        "http_req_sending": {
            "p(90)": 0.0367418,
            "p(95)": 0.04294764999999998,
            "avg": 0.027712645161290322,
            "min": 0.012454,
            "med": 0.027456500000000002,
            "max": 0.062686
        },
        "http_req_blocked": {
            "min": 0.003236,
            "med": 0.0048395,
            "max": 119.849533,
            "p(90)": 0.0065549,
            "p(95)": 80.29001294999965,
            "avg": 6.5218975806451605
        },
        "http_req_waiting": {
            "med": 87.18270000000001,
            "max": 241.680441,
            "p(90)": 92.7816337,
            "p(95)": 96.00591674999998,
            "avg": 88.06524643548391,
            "min": 71.600914
        },
        "vus_max": {
            "value": 3,
            "min": 3,
            "max": 3
        },
        "http_req_duration{expected_response:true}": {
            "min": 71.865821,
            "med": 87.530347,
            "max": 241.832384,
            "p(90)": 93.1070064,
            "p(95)": 96.26583779999999,
            "avg": 88.36853433870964
        },
        "api_failures": {
            "rate": 0,
            "count": 0,
            "thresholds": {
                "count<5": false
            }
        },
        "rsc_response_time": {
            "count": 5531,
            "rate": 177.8624149530045
        },
        "filtered_tasks_count": {
            "rate": 5.884798759067045,
            "count": 183
        },
        "iteration_duration": {
            "avg": 1091.829130377049,
            "min": 1073.296203,
            "med": 1089.535695,
            "max": 1201.818069,
            "p(90)": 1096.113305,
            "p(95)": 1130.271451
        },
        "iterations": {
            "count": 61,
            "rate": 1.9615995863556817
        }
    },
    "setup_data": {
        "sessionCookie": "__Secure-better-auth.session_token=ueaOBRbk7NM20g2GTmXSRY7OF76r7fOP.w5PNgEbvfjZPhHbyE2QbT4ETRYgrtcRpapM3oSMl%2FFk%3D",
        "token": "ueaOBRbk7NM20g2GTmXSRY7OF76r7fOP",
        "userEmail": "testprovider@gmail.com",
        "userId": "yEkCmDnrgxxxwwqAtqQe9pIXWoF8QgT8",
        "userRole": null
    },
    "root_group": {
        "checks": {
            "✅ Filtered RSC status is 200": {
                "id": "77099928e506e9901afa1b05bd981397",
                "passes": 61,
                "fails": 0,
                "name": "✅ Filtered RSC status is 200",
                "path": "::✅ Filtered RSC status is 200"
            },
            "✅ Response contains RSC format": {
                "fails": 0,
                "name": "✅ Response contains RSC format",
                "path": "::✅ Response contains RSC format",
                "id": "230a898fa9dfa0dbed1233df591ab3bd",
                "passes": 61
            },
            "✅ Response includes status filter": {
                "name": "✅ Response includes status filter",
                "path": "::✅ Response includes status filter",
                "id": "edceea1ca6a59c96ebe34e25a86ac66b",
                "passes": 61,
                "fails": 0
            },
            "✅ Response has AI Draft tasks": {
                "path": "::✅ Response has AI Draft tasks",
                "id": "4b89c06e5f2cdbd7ab4bf7c3ee0fe05f",
                "passes": 61,
                "fails": 0,
                "name": "✅ Response has AI Draft tasks"
            },
            "✅ Response includes task data": {
                "id": "cfb7f1abc645032f78620942be4508ad",
                "passes": 61,
                "fails": 0,
                "name": "✅ Response includes task data",
                "path": "::✅ Response includes task data"
            },
            "✅ Response time under 3s": {
                "passes": 61,
                "fails": 0,
                "name": "✅ Response time under 3s",
                "path": "::✅ Response time under 3s",
                "id": "19037091d6024770979a95a8e1d7234c"
            },
            "✅ Contains loading skeleton": {
                "name": "✅ Contains loading skeleton",
                "path": "::✅ Contains loading skeleton",
                "id": "32a24c641c24883a917a6b14bf6637a8",
                "passes": 61,
                "fails": 0
            },
            "✅ Contains filtered task data": {
                "name": "✅ Contains filtered task data",
                "path": "::✅ Contains filtered task data",
                "id": "8c8afd6fb901a354a0c398df083e46d7",
                "passes": 61,
                "fails": 0
            },
            "✅ Contains provider data": {
                "fails": 0,
                "name": "✅ Contains provider data",
                "path": "::✅ Contains provider data",
                "id": "a0f7a10f6f324a2087f9d8769b2d1250",
                "passes": 61
            },
            "✅ Has correct filter arguments": {
                "fails": 0,
                "name": "✅ Has correct filter arguments",
                "path": "::✅ Has correct filter arguments",
                "id": "87fd6e4c459b6e328d1f12f47c13548c",
                "passes": 61
            },
            "✅ Proper RSC content type": {
                "id": "9bcaab0858bd88d1284a44cd4826b85e",
                "passes": 61,
                "fails": 0,
                "name": "✅ Proper RSC content type",
                "path": "::✅ Proper RSC content type"
            }
        },
        "name": "",
        "path": "",
        "id": "d41d8cd98f00b204e9800998ecf8427e",
        "groups": {
            "setup": {
                "id": "5c0f8025f7e0b6654089e5b00e950f1a",
                "groups": {},
                "checks": {
                        "✅ Provider Login status is 200": {
                            "name": "✅ Provider Login status is 200",
                            "path": "::setup::✅ Provider Login status is 200",
                            "id": "f25c9fe94ac5469c04c6fa8b42466767",
                            "passes": 1,
                            "fails": 0
                        }
                    },