{
    "root_group": {
        "checks": {
            "✅ Token is present": {
                "passes": 1,
                "fails": 0,
                "name": "✅ Token is present",
                "path": "::✅ Token is present",
                "id": "ea0637f73bc02a6521537559bf962535"
            },
            "✅ User data is present": {
                "name": "✅ User data is present",
                "path": "::✅ User data is present",
                "id": "828c32906626828b931e9f8c243dd059",
                "passes": 1,
                "fails": 0
            },
            "✅ User email matches": {
                "path": "::✅ User email matches",
                "id": "235ae969e946fa097b0106042dacf9af",
                "passes": 1,
                "fails": 0,
                "name": "✅ User email matches"
            }
        },
        "name": "",
        "path": "",
        "id": "d41d8cd98f00b204e9800998ecf8427e",
        "groups": {}
    },
    "metrics": {
        "data_sent": {
            "count": 1895,
            "rate": 1376.173258781189
        },
        "http_req_waiting": {
            "p(90)": 254.336615,
            "p(95)": 254.336615,
            "avg": 254.336615,
            "min": 254.336615,
            "med": 254.336615,
            "max": 254.336615
        },
        "iteration_duration": {
            "p(95)": 1001.228538,
            "avg": 1001.228538,
            "min": 1001.228538,
            "med": 1001.228538,
            "max": 1001.228538,
            "p(90)": 1001.228538
        },
        "iterations": {
            "count": 1,
            "rate": 0.7262128014676458
        },
        "http_req_sending": {
            "p(95)": 0.072375,
            "avg": 0.072375,
            "min": 0.072375,
            "med": 0.072375,
            "max": 0.072375,
            "p(90)": 0.072375
        },
        "data_received": {
            "count": 3111,
            "rate": 2259.248025365846
        },
        "checks": {
            "passes": 3,
            "fails": 0,
            "thresholds": {
                "rate>0.99": false
            },
            "value": 1
        },
        "vus": {
            "value": 1,
            "min": 1,
            "max": 1
        },
        "http_req_duration": {
            "avg": 254.496663,
            "min": 254.496663,
            "med": 254.496663,
            "max": 254.496663,
            "p(90)": 254.496663,
            "p(95)": 254.496663,
            "thresholds": {
                "p(95)<3000": false
            }
        },
        "login_failures": {
            "rate": 0,
            "count": 0,
            "thresholds": {
                "count<1": false
            }
        },
        "vus_max": {
            "value": 1,
            "min": 1,
            "max": 1
        },
        "http_req_duration{expected_response:true}": {
            "p(90)": 254.496663,
            "p(95)": 254.496663,
            "avg": 254.496663,
            "min": 254.496663,
            "med": 254.496663,
            "max": 254.496663
        },
        "http_req_blocked": {
            "min": 119.82243,
            "med": 119.82243,
            "max": 119.82243,
            "p(90)": 119.82243,
            "p(95)": 119.82243,
            "avg": 119.82243
        },
        "http_req_tls_handshaking": {
            "max": 58.515137,
            "p(90)": 58.515137,
            "p(95)": 58.515137,
            "avg": 58.515137,
            "min": 58.515137,
            "med": 58.515137
        },
        "successful_logins": {
            "passes": 0,
            "fails": 0,
            "thresholds": {
                "rate>0.99": false
            },
            "value": 0
        },
        "http_req_connecting": {
            "p(90)": 27.590058,
            "p(95)": 27.590058,
            "avg": 27.590058,
            "min": 27.590058,
            "med": 27.590058,
            "max": 27.590058
        },
        "http_req_failed": {
            "passes": 0,
            "fails": 1,
            "value": 0
        },
        "http_req_receiving": {
            "max": 0.087673,
            "p(90)": 0.087673,
            "p(95)": 0.087673,
            "avg": 0.087673,
            "min": 0.087673,
            "med": 0.087673
        },
        "http_reqs": {
            "count": 1,
            "rate": 0.7262128014676458
        }
    },
    "setup_data": {
        "token": "k5JaRiLGnKLk3fh0uDLslagM6UFNx3aU",
        "user": {
            "id": "mHe2a4J4yxEBTzW2M0lhSliJzoeRclIx",
            "image": null,
            "name": "Deepesh M S",
            "updatedAt": "2025-07-14T17:29:47.569Z",
            "createdAt": "2025-07-14T17:29:47.569Z",
            "email": "deepeshm@pennhealthinfo.com",
            "emailVerified": true
        }
    }
}