{
    "metrics": {
        "data_received": {
            "count": 44523,
            "rate": 1449.7163154979064
        },
        "iteration_duration": {
            "avg": 1311.5691734509805,
            "min": 1233.674624,
            "med": 1265.930133,
            "max": 2082.331819,
            "p(90)": 1432.615699,
            "p(95)": 1443.4415175
        },
        "http_req_waiting": {
            "avg": 302.64981121153846,
            "min": 232.596349,
            "med": 259.876548,
            "max": 1081.910974,
            "p(90)": 424.4009961999999,
            "p(95)": 442.5121816
        },
        "data_sent": {
            "rate": 1091.6748401881794,
            "count": 33527
        },
        "http_req_connecting": {
            "avg": 2.8067422115384613,
            "min": 0,
            "med": 0,
            "max": 45.853363,
            "p(90)": 0,
            "p(95)": 30.636577099999972
        },
        "api_failures": {
            "count": 0,
            "rate": 0,
            "thresholds": {
                "count<5": false
            }
        },
        "checks": {
            "fails": 0,
            "passes": 511,
            "thresholds": {
                "rate>0.95": false
            },
            "value": 1
        },
        "http_req_receiving": {
            "avg": 0.06878007692307693,
            "min": 0.038722,
            "med": 0.066734,
            "max": 0.111809,
            "p(90)": 0.0975797,
            "p(95)": 0.1001893
        },
        "successful_requests": {
            "passes": 51,
            "fails": 0,
            "thresholds": {
                "rate>0.95": false
            },
            "value": 1
        },
        "http_req_duration{expected_response:true}": {
            "p(95)": 442.60082424999996,
            "avg": 302.75102888461544,
            "min": 232.717414,
            "med": 259.9547305,
            "max": 1082.001375,
            "p(90)": 424.4628078999999
        },
        "vus_max": {
            "value": 3,
            "min": 3,
            "max": 3
        },
        "http_req_tls_handshaking": {
            "p(95)": 63.477643449999945,
            "avg": 5.783401442307692,
            "min": 0,
            "med": 0,
            "max": 94.193197,
            "p(90)": 0
        },
        "http_req_sending": {
            "p(90)": 0.048608,
            "p(95)": 0.06396359999999997,
            "avg": 0.032437596153846164,
            "min": 0.012504,
            "med": 0.0287985,
            "max": 0.097358
        },
        "http_req_blocked": {
            "p(95)": 99.12533044999986,
            "avg": 9.301404230769231,
            "min": 0.003006,
            "med": 0.00543,
            "max": 141.835494,
            "p(90)": 0.016668699999999988
        },
        "vus": {
            "value": 1,
            "min": 1,
            "max": 3
        },
        "iterations": {
            "count": 51,
            "rate": 1.6606143361946237
        },
        "http_req_duration": {
            "p(90)": 424.4628078999999,
            "p(95)": 442.60082424999996,
            "avg": 302.75102888461544,
            "min": 232.717414,
            "med": 259.9547305,
            "max": 1082.001375,
            "thresholds": {
                "p(95)<3000": false
            }
        },
        "http_req_failed": {
            "fails": 52,
            "passes": 0,
            "value": 0
        },
        "http_reqs": {
            "count": 52,
            "rate": 1.6931754016102045
        }
    },
    "setup_data": {
        "userId": "mHe2a4J4yxEBTzW2M0lhSliJzoeRclIx",
        "sessionCookie": "__Secure-better-auth.session_token=MzyGp9VBF7I7bwp6B1B8a3OhaU5yZhDa.CZFaI%2B4IpBKpoYjcWA2ozSpuQuhKFF3i43aqYOXiLDU%3D",
        "token": "MzyGp9VBF7I7bwp6B1B8a3OhaU5yZhDa"
    },
    "root_group": {
        "name": "",
        "path": "",
        "id": "d41d8cd98f00b204e9800998ecf8427e",
        "groups": {
            "setup": {
                "path": "::setup",
                "id": "5c0f8025f7e0b6654089e5b00e950f1a",
                "groups": {},
                "checks": {
                        "✅ Login status is 200": {
                            "id": "ef5748235dba7417d2a94f2e9e0282c6",
                            "passes": 1,
                            "fails": 0,
                            "name": "✅ Login status is 200",
                            "path": "::setup::✅ Login status is 200"
                        }
                    },
                "name": "setup"
            }
        },
        "checks": {
            "✅ Create User status is 200": {
                "fails": 0,
                "name": "✅ Create User status is 200",
                "path": "::✅ Create User status is 200",
                "id": "1afcb8ffb97de0042b15434589c8c74d",
                "passes": 51
            },
            "✅ Response has user object": {
                "name": "✅ Response has user object",
                "path": "::✅ Response has user object",
                "id": "5c7f2b6b8b872d2e9dd3e6261499ac2e",
                "passes": 51,
                "fails": 0
            },
            "✅ User has ID field": {
                "path": "::✅ User has ID field",
                "id": "54f76e3975fa932ae6be3a7e628cf71d",
                "passes": 51,
                "fails": 0,
                "name": "✅ User has ID field"
            },
            "✅ User email matches request": {
                "id": "5030fb22a471d298a619ba779b77a815",
                "passes": 51,
                "fails": 0,
                "name": "✅ User email matches request",
                "path": "::✅ User email matches request"
            },
            "✅ User name matches request": {
                "name": "✅ User name matches request",
                "path": "::✅ User name matches request",
                "id": "7b79130807f76f3de350f49012fbda7c",
                "passes": 51,
                "fails": 0
            },
            "✅ User role is set correctly": {
                "fails": 0,
                "name": "✅ User role is set correctly",
                "path": "::✅ User role is set correctly",
                "id": "fe928c112cfb09b313a4cb181c799a1f",
                "passes": 51
            },
            "✅ User ID format is valid": {
                "passes": 51,
                "fails": 0,
                "name": "✅ User ID format is valid",
                "path": "::✅ User ID format is valid",
                "id": "f93475207b262c58d68191669b0ef0b2"
            },
            "✅ User email format is valid": {
                "name": "✅ User email format is valid",
                "path": "::✅ User email format is valid",
                "id": "1fc0216ce0f1a6f8a1cbbe85edb620d3",
                "passes": 51,
                "fails": 0
            },
            "✅ User has timestamps": {
                "name": "✅ User has timestamps",
                "path": "::✅ User has timestamps",
                "id": "3ef5f3041872facd78bf2089566d818b",
                "passes": 51,
                "fails": 0
            },
            "✅ User role is valid": {
                "name": "✅ User role is valid",
                "path": "::✅ User role is valid",
                "id": "dc17da2dd65bad1205f330e8a551fedd",
                "passes": 51,
                "fails": 0
            }
        }
    }
}